"Time_Iter","Outer_Iter","Inner_Iter",    "rms[Rho]"    ,    "rms[RhoU]"   ,    "rms[RhoV]"   ,    "rms[RhoE]"   ,       "CD"       ,       "CL"       ,       "CSF"      ,       "CMx"      ,       "CMy"      ,       "CMz"      ,       "CFx"      ,       "CFy"      ,       "CFz"      ,      "CEff"      
          0,           0,           0,   -0.004491677673,       3.173292319,       2.721408722,       6.212098477,     0.09696107451,      0.1361945893,                 0,                 0,                 0,     0.02165892495,     0.07183807569,      0.1509626013,                 0,         1.4046316
          0,           0,           1,      0.6865739229,       3.916488618,       3.214910352,       6.903577753,       0.109426362,       0.133700441,                 0,                 0,                 0,     0.01817357833,     0.08454709174,      0.1506709192,                 0,       1.221830266
          0,           0,           2,      0.9517826038,       4.177142205,       3.468946685,       7.185054466,     0.09883728837,      0.1455409725,                 0,                 0,                 0,     0.01993801077,     0.07206280322,      0.1604927931,                 0,       1.472531014
          0,           0,           3,      0.9198482851,        4.14939997,       3.444072952,       7.197446547,      0.1015602312,      0.1513346938,                 0,                 0,                 0,     0.01922970794,     0.07373830931,      0.1666713288,                 0,       1.490097964
          0,           0,           4,      0.7275588014,       3.961134631,       3.333801078,       7.031419805,      0.1032744974,      0.1522196382,                 0,                 0,                 0,     0.01795839511,     0.07527286294,      0.1678405081,                 0,       1.473932501
          0,           0,           5,       0.648967211,       3.887086826,       3.284818179,       6.931686526,      0.1043601809,      0.1525955666,                 0,                 0,                 0,     0.01736323608,     0.07627677322,      0.1683992523,                 0,       1.462201054
          0,           0,           6,      0.6019452897,       3.833990064,       3.228730358,       6.868818979,      0.1054208454,      0.1519161803,                 0,                 0,                 0,     0.01756432992,     0.07743929806,      0.1679143698,                 0,       1.441044982
          0,           0,           7,      0.5616888384,       3.791430383,       3.151425227,       6.827940189,      0.1053323266,      0.1527172422,                 0,                 0,                 0,     0.01751574462,     0.07721302104,      0.1686878907,                 0,       1.449861094
          0,           0,           8,      0.4871638149,       3.715027892,       3.074174652,       6.767449045,      0.1057305074,      0.1523040309,                 0,                 0,                 0,     0.01746759574,     0.07767690596,      0.1683501003,                 0,       1.440492765
          0,           0,           9,      0.3991685467,       3.627158731,       2.974240082,       6.692681043,      0.1059215375,      0.1524710611,                 0,                 0,                 0,     0.01730024461,     0.07783602949,       0.168547765,                 0,        1.43947175
          0,           0,          10,      0.3012922739,       3.532122933,       2.861894262,       6.610392264,      0.1062887106,      0.1519900578,                 0,                 0,                 0,     0.01744245958,     0.07828114966,      0.1681378282,                 0,       1.429973673
          0,           0,          11,      0.2009777591,       3.434439308,       2.756109978,       6.521065083,       0.106350786,      0.1524747139,                 0,                 0,                 0,     0.01749745636,     0.07825812241,      0.1686259006,                 0,       1.433696163
          0,           0,          12,      0.1001056698,       3.338740981,       2.662292601,       6.434051597,      0.1063338505,      0.1524847789,                 0,                 0,                 0,     0.01760863955,     0.07823969637,      0.1686328719,                 0,        1.43401916
          0,           0,          13,  -0.0006970933984,        3.24301529,       2.585394205,       6.344188652,      0.1062444207,      0.1528082481,                 0,                 0,                 0,     0.01754306112,     0.07809545542,      0.1689358975,                 0,       1.438270801
          0,           0,          14,    -0.07868902629,       3.166464458,       2.534010703,       6.260299355,      0.1061689997,      0.1526340924,                 0,                 0,                 0,     0.01749015839,     0.07805142202,      0.1687512909,                 0,       1.437652166
          0,           0,          15,     -0.1370970714,       3.107613944,       2.491128418,       6.192816647,      0.1060804763,      0.1526968023,                 0,                 0,                 0,     0.01739850707,     0.07795335401,      0.1687976761,                 0,       1.439443031
          0,           0,          16,     -0.1917784319,       3.050390174,       2.440197292,        6.13163628,      0.1060603294,      0.1525252877,                 0,                 0,                 0,     0.01742816221,     0.07796329648,      0.1686252688,                 0,        1.43809932
          0,           0,          17,     -0.2461009311,       2.993142853,       2.381395982,       6.074698859,      0.1060607775,      0.1525913463,                 0,                 0,                 0,     0.01748231641,     0.07795226673,      0.1686904016,                 0,       1.438716083
          0,           0,          18,      -0.314742187,       2.922861559,       2.308727892,       6.011395803,      0.1061065217,       0.152612326,                 0,                 0,                 0,     0.01756972529,     0.07799367296,       0.168719006,                 0,       1.438293551
          0,           0,          19,     -0.4026188482,       2.834396791,       2.219635038,       5.932509487,      0.1061423099,      0.1527771969,                 0,                 0,                 0,     0.01761911388,     0.07800028786,      0.1688875867,                 0,       1.439361901
          0,           0,          20,     -0.4996854118,       2.738078789,       2.124387094,       5.842025955,      0.1061864427,      0.1528577815,                 0,                 0,                 0,     0.01765108402,     0.07802975688,      0.1689746106,                 0,       1.439522575
          0,           0,          21,      -0.593632291,       2.645548248,       2.034415828,       5.747763689,      0.1062053386,      0.1529326754,                 0,                 0,                 0,     0.01764817122,     0.07803536046,      0.1690516479,                 0,       1.439971638
          0,           0,          22,     -0.6806404971,       2.559584682,       1.951415981,       5.655181951,      0.1062101831,      0.1529117514,                 0,                 0,                 0,     0.01764150253,     0.07804376483,       0.169031883,                 0,       1.439708951
          0,           0,          23,     -0.7599212324,       2.480064692,       1.873529529,       5.569080645,      0.1061896503,      0.1529024049,                 0,                 0,                 0,     0.01762988489,     0.07802516694,      0.1690191131,                 0,       1.439899317
          0,           0,          24,     -0.8323607182,       2.406298439,       1.802463975,       5.490122261,      0.1061719655,      0.1528733299,                 0,                 0,                 0,     0.01762524477,     0.07801279964,      0.1689874088,                 0,       1.439865309
          0,           0,          25,     -0.9031779002,       2.334017506,       1.735857608,        5.41788583,      0.1061598089,      0.1528640351,                 0,                 0,                 0,     0.01761741451,     0.07800244176,      0.1689761443,                 0,       1.439942636
          0,           0,          26,      -0.974372411,       2.262162878,       1.666417402,       5.348795616,      0.1061595284,      0.1528364919,                 0,                 0,                 0,     0.01761277414,     0.07800694835,      0.1689489708,                 0,       1.439686989
          0,           0,          27,      -1.052162048,       2.184516263,       1.589360781,        5.27401579,      0.1061580947,      0.1528208449,                 0,                 0,                 0,     0.01761131797,     0.07800825348,      0.1689333125,                 0,        1.43955904
          0,           0,          28,      -1.132774467,       2.104400726,       1.504705707,       5.193246296,      0.1061557944,      0.1528040256,                 0,                 0,                 0,     0.01761596245,     0.07800890876,      0.1689163493,                 0,       1.439431794
          0,           0,          29,      -1.211451451,       2.026003547,       1.417768472,       5.113655859,      0.1061501751,      0.1527989844,                 0,                 0,                 0,       0.017617674,     0.07800425027,      0.1689104089,                 0,       1.439460502
          0,           0,          30,      -1.292195522,       1.944413062,       1.334456502,       5.035108039,      0.1061452675,      0.1527871176,                 0,                 0,                 0,     0.01761318171,     0.07800147788,      0.1688978703,                 0,       1.439415257
          0,           0,          31,      -1.373838262,       1.860813953,        1.25474753,       4.955760145,        0.10614048,      0.1527745529,                 0,                 0,                 0,     0.01760265334,     0.07799894495,      0.1688846651,                 0,       1.439361805
          0,           0,          32,      -1.452260526,       1.780578763,       1.180721143,       4.878141452,      0.1061379632,      0.1527586706,                 0,                 0,                 0,     0.01759374108,     0.07799922433,       0.168868587,                 0,       1.439246297
          0,           0,          33,      -1.531087909,       1.700600478,       1.115489304,       4.800382009,      0.1061373313,      0.1527508608,                 0,                 0,                 0,     0.01758954603,     0.07799995811,      0.1688607861,                 0,       1.439181285
          0,           0,          34,      -1.614397198,       1.617080434,       1.047551822,        4.71745305,      0.1061385405,      0.1527485247,                 0,                 0,                 0,     0.01758959833,     0.07800155462,      0.1688586955,                 0,       1.439142878
          0,           0,          35,        -1.6964779,       1.535543804,      0.9661295786,       4.631923644,       0.106139049,      0.1527513062,                 0,                 0,                 0,     0.01758992809,     0.07800157237,      0.1688615231,                 0,       1.439162191
          0,           0,          36,      -1.768247955,       1.463725294,      0.8796441733,       4.552552003,      0.1061386931,      0.1527526373,                 0,                 0,                 0,     0.01758917448,     0.07800099078,      0.1688627722,                 0,       1.439179557
          0,           0,          37,      -1.833771908,       1.398009579,      0.8034760288,       4.481383497,      0.1061375491,      0.1527531154,                 0,                 0,                 0,     0.01758761716,     0.07799978115,      0.1688630444,                 0,       1.439199573
          0,           0,          38,      -1.899872431,       1.331314171,      0.7502309903,       4.412605064,      0.1061368049,      0.1527521425,                 0,                 0,                 0,     0.01758687748,     0.07799921715,       0.168861957,                 0,       1.439200499
          0,           0,          39,      -1.943955256,       1.282337356,      0.7339959401,       4.355079113,      0.1061363751,       0.152751815,                 0,                 0,                 0,     0.01758725782,     0.07799885077,      0.1688615598,                 0,        1.43920324
          0,           0,          40,      -1.945034421,       1.273997855,      0.7459356854,       4.332599153,      0.1061361779,      0.1527515297,                 0,                 0,                 0,     0.01758847602,     0.07799870609,      0.1688612446,                 0,       1.439203227
          0,           0,          41,      -1.938746502,       1.276720958,      0.7510863672,       4.333514019,      0.1061359069,      0.1527519189,                 0,                 0,                 0,      0.0175896979,     0.07799837163,      0.1688615809,                 0,       1.439210569
          0,           0,          42,      -1.963185826,       1.251561468,       0.723758693,       4.320848035,      0.1061357838,      0.1527524697,                 0,                 0,                 0,     0.01759059728,     0.07799815475,      0.1688621019,                 0,       1.439217428
          0,           0,          43,      -2.027599697,       1.187343398,      0.6555944265,       4.276953458,      0.1061358975,      0.1527535879,                 0,                 0,                 0,     0.01759109306,     0.07799807257,      0.1688632228,                 0,       1.439226421
          0,           0,          44,      -2.127778787,       1.088018078,      0.5490771445,       4.201623304,      0.1061363542,      0.1527547925,                 0,                 0,                 0,     0.01759145913,     0.07799831316,      0.1688644885,                 0,       1.439231577
          0,           0,          45,      -2.255574132,      0.9621009189,        0.41767602,       4.099612164,      0.1061370124,      0.1527562952,                 0,                 0,                 0,     0.01759193604,     0.07799870043,      0.1688660826,                 0,        1.43923681
          0,           0,          46,       -2.38851225,      0.8317730704,        0.29396887,       3.980008334,      0.1061378072,      0.1527580295,                 0,                 0,                 0,     0.01759270388,     0.07799918197,      0.1688679286,                 0,       1.439242373
          0,           0,          47,      -2.465190855,      0.7556441428,      0.2297510708,        3.87166769,      0.1061385678,      0.1527601727,                 0,                 0,                 0,     0.01759365655,     0.07799955881,      0.1688701713,                 0,       1.439252253
          0,           0,          48,      -2.437545915,       0.778763928,      0.2571440647,       3.833819146,      0.1061391452,      0.1527622338,                 0,                 0,                 0,     0.01759454419,     0.07799976958,      0.1688723013,                 0,       1.439263841
          0,           0,          49,      -2.355872618,      0.8549790035,      0.3402751807,       3.883349041,      0.1061394224,      0.1527637353,                 0,                 0,                 0,     0.01759511641,     0.07799978181,      0.1688738282,                 0,       1.439274229
          0,           0,          50,      -2.278231394,      0.9292802916,      0.4219514744,       3.961357462,      0.1061394397,      0.1527642663,                 0,                 0,                 0,     0.01759533116,     0.07799970672,      0.1688743541,                 0,       1.439278996
          0,           0,          51,      -2.227105456,      0.9788911368,      0.4751959397,       4.024298184,      0.1061392943,      0.1527639716,                 0,                 0,                 0,     0.01759527909,     0.07799961466,      0.1688740387,                 0,       1.439278192
          0,           0,          52,      -2.208758336,       0.996692229,      0.4937577041,        4.05837995,      0.1061391082,      0.1527632206,                 0,                 0,                 0,     0.01759511645,     0.07799956179,      0.1688732668,                 0,        1.43927364
          0,           0,          53,      -2.225189123,       0.980117344,      0.4768727023,       4.060357592,      0.1061389311,      0.1527624789,                 0,                 0,                 0,     0.01759494808,     0.07799951617,      0.1688725055,                 0,       1.439269053
          0,           0,          54,      -2.279212992,      0.9260881681,      0.4225156229,       4.028576276,      0.1061387772,      0.1527619612,                 0,                 0,                 0,     0.01759481845,     0.07799945445,       0.168871969,                 0,       1.439266263
          0,           0,          55,      -2.377908779,       0.827474122,      0.3242296451,       3.959459965,      0.1061386426,       0.152761698,                 0,                 0,                 0,     0.01759471643,     0.07799936768,      0.1688716864,                 0,       1.439265608
          0,           0,          56,      -2.535199749,      0.6705716918,      0.1703861116,       3.845980588,      0.1061385439,      0.1527615684,                 0,                 0,                 0,     0.01759461987,     0.07799929296,      0.1688715416,                 0,       1.439265725
          0,           0,          57,      -2.744003637,      0.4634825302,    -0.02087454938,       3.685230254,      0.1061384919,      0.1527614711,                 0,                 0,                 0,      0.0175945032,     0.07799925863,      0.1688714368,                 0,       1.439265514
          0,           0,          58,      -2.759302342,      0.4490470502,     -0.0215696003,       3.557002387,      0.1061384887,      0.1527613408,                 0,                 0,                 0,      0.0175943564,     0.07799927809,      0.1688713079,                 0,        1.43926433
          0,           0,          59,       -2.57120429,      0.6353716228,      0.1511752729,       3.640660231,      0.1061385122,      0.1527611846,                 0,                 0,                 0,     0.01759418746,     0.07799932843,      0.1688711581,                 0,       1.439262538
          0,           0,          60,      -2.432922559,      0.7728568883,      0.2810373234,       3.784696436,      0.1061385335,      0.1527610255,                 0,                 0,                 0,     0.01759402302,     0.07799937697,      0.1688710052,                 0,       1.439260752
          0,           0,          61,      -2.354231482,      0.8511449194,      0.3554646414,       3.883991746,        0.10613853,      0.1527608957,                 0,                 0,                 0,     0.01759389076,     0.07799939611,      0.1688708768,                 0,       1.439259576
          0,           0,          62,      -2.320449311,      0.8846373846,      0.3866889587,       3.937913225,      0.1061384986,      0.1527608036,                 0,                 0,                 0,     0.01759380597,     0.07799938119,      0.1688707806,                 0,       1.439259134
          0,           0,          63,      -2.323931234,      0.8809037216,      0.3815326187,       3.954067464,      0.1061384507,      0.1527607465,                 0,                 0,                 0,     0.01759376335,     0.07799934386,      0.1688707161,                 0,       1.439259247
          0,           0,          64,      -2.363084434,      0.8415277167,      0.3413344844,        3.93607854,      0.1061384058,      0.1527607119,                 0,                 0,                 0,     0.01759374653,     0.07799930566,      0.1688706741,                 0,       1.439259529
          0,           0,          65,      -2.441996094,      0.7624391287,      0.2621731702,       3.883220548,      0.1061383762,      0.1527606949,                 0,                 0,                 0,     0.01759374097,     0.07799927953,      0.1688706523,                 0,       1.439259769
          0,           0,          66,      -2.572066971,      0.6323034787,      0.1339628431,       3.790285547,      0.1061383648,      0.1527606952,                 0,                 0,                 0,     0.01759374087,     0.07799926825,      0.1688706507,                 0,       1.439259927
          0,           0,          67,       -2.76903697,      0.4357793253,    -0.05208641788,       3.649165877,      0.1061383665,      0.1527607176,                 0,                 0,                 0,     0.01759374712,       0.077999266,       0.168870673,                 0,       1.439260115
          0,           0,          68,      -2.932515448,      0.2744608066,     -0.1854534737,       3.479336977,      0.1061383748,      0.1527607618,                 0,                 0,                 0,      0.0175937624,      0.0779992665,       0.168870718,                 0,       1.439260419
          0,           0,          69,      -2.781210434,      0.4253127796,    -0.04845457064,       3.456916496,      0.1061383847,      0.1527608198,                 0,                 0,                 0,     0.01759378646,     0.07799926615,      0.1688707768,                 0,       1.439260831
          0,           0,          70,      -2.604153466,      0.6014667307,      0.1138819902,       3.604716102,      0.1061383945,      0.1527608771,                 0,                 0,                 0,     0.01759381539,     0.07799926587,      0.1688708349,                 0,       1.439261238
          0,           0,          71,      -2.494800942,      0.7104111722,      0.2168721228,       3.732296899,      0.1061384038,       0.152760922,                 0,                 0,                 0,     0.01759384433,     0.07799926724,      0.1688708807,                 0,       1.439261535
          0,           0,          72,      -2.437460506,      0.7675250004,      0.2709047234,        3.81036731,      0.1061384119,      0.1527609495,                 0,                 0,                 0,     0.01759387022,     0.07799927045,      0.1688709092,                 0,       1.439261684
          0,           0,          73,      -2.421017517,      0.7838053835,      0.2853081241,       3.846539954,      0.1061384179,      0.1527609622,                 0,                 0,                 0,     0.01759389187,     0.07799927411,      0.1688709228,                 0,       1.439261723
          0,           0,          74,      -2.441358122,      0.7633239814,      0.2636084593,       3.846446857,      0.1061384217,       0.152760967,                 0,                 0,                 0,     0.01759390928,     0.07799927702,      0.1688709282,                 0,       1.439261717
          0,           0,          75,       -2.49982417,       0.704727617,      0.2043778007,       3.811415602,      0.1061384243,      0.1527609696,                 0,                 0,                 0,     0.01759392277,     0.07799927913,      0.1688709311,                 0,       1.439261706
          0,           0,          76,      -2.603904483,      0.6005498068,      0.1006887055,       3.738546037,      0.1061384271,      0.1527609719,                 0,                 0,                 0,      0.0175939326,     0.07799928156,      0.1688709339,                 0,       1.439261688
          0,           0,          77,      -2.769027163,      0.4355283422,     -0.0597578273,       3.620684913,      0.1061384312,      0.1527609726,                 0,                 0,                 0,     0.01759393896,     0.07799928543,      0.1688709354,                 0,       1.439261641
          0,           0,          78,      -2.986762213,      0.2191451334,     -0.2545480506,       3.455215432,      0.1061384365,      0.1527609704,                 0,                 0,                 0,     0.01759394244,     0.07799929101,      0.1688709341,                 0,       1.439261548
          0,           0,          79,      -2.982152441,      0.2251756688,     -0.2387143382,        3.33023036,      0.1061384423,       0.152760966,                 0,                 0,                 0,       0.017593944,     0.07799929747,      0.1688709308,                 0,       1.439261428
          0,           0,          80,      -2.783613922,      0.4224691034,    -0.06024269493,       3.426002188,      0.1061384478,      0.1527609626,                 0,                 0,                 0,     0.01759394464,     0.07799930352,      0.1688709283,                 0,       1.439261321
          0,           0,          81,      -2.643422978,        0.56199544,     0.07065101184,       3.573893334,      0.1061384527,      0.1527609632,                 0,                 0,                 0,     0.01759394512,      0.0779993082,      0.1688709298,                 0,       1.439261261
          0,           0,          82,      -2.563087332,      0.6419942416,      0.1465864091,       3.674991715,      0.1061384567,      0.1527609692,                 0,                 0,                 0,     0.01759394575,     0.07799931109,      0.1688709364,                 0,       1.439261263
          0,           0,          83,      -2.527689308,      0.6771840166,      0.1794493974,       3.730431325,      0.1061384597,      0.1527609797,                 0,                 0,                 0,     0.01759394639,     0.07799931224,      0.1688709473,                 0,       1.439261321
          0,           0,          84,      -2.530195462,      0.6745248615,      0.1752883247,       3.747578227,      0.1061384616,      0.1527609924,                 0,                 0,                 0,     0.01759394679,      0.0779993119,      0.1688709601,                 0,       1.439261415
          0,           0,          85,      -2.569535916,      0.6350575677,      0.1348780783,       3.729677611,      0.1061384622,      0.1527610049,                 0,                 0,                 0,     0.01759394677,     0.07799931034,      0.1688709725,                 0,       1.439261524
          0,           0,          86,      -2.650125433,      0.5543628806,     0.05398441091,       3.675788655,      0.1061384616,      0.1527610159,                 0,                 0,                 0,     0.01759394637,     0.07799930781,      0.1688709833,                 0,       1.439261637
          0,           0,          87,       -2.78359176,      0.4208700556,    -0.07761091072,       3.580671816,      0.1061384599,      0.1527610252,                 0,                 0,                 0,     0.01759394578,     0.07799930455,      0.1688709921,                 0,       1.439261747
          0,           0,          88,      -2.984956027,      0.2199996276,     -0.2674683428,       3.436602176,      0.1061384574,      0.1527610329,                 0,                 0,                 0,     0.01759394533,     0.07799930078,      0.1688709993,                 0,       1.439261853
          0,           0,          89,      -3.139418805,     0.06781110672,     -0.3921551211,       3.267093188,      0.1061384545,      0.1527610389,                 0,                 0,                 0,     0.01759394501,     0.07799929685,      0.1688710047,                 0,       1.439261949
          0,           0,          90,      -2.979134509,      0.2275188054,     -0.2475034728,       3.254945385,      0.1061384514,      0.1527610428,                 0,                 0,                 0,     0.01759394483,     0.07799929314,       0.168871008,                 0,       1.439262028
          0,           0,          91,      -2.805466534,      0.4002368777,    -0.08791678327,       3.403976998,      0.1061384483,      0.1527610438,                 0,                 0,                 0,     0.01759394461,     0.07799928994,      0.1688710085,                 0,       1.439262079
          0,           0,          92,       -2.69897219,      0.5062710387,     0.01246147351,        3.52909293,      0.1061384454,      0.1527610414,                 0,                 0,                 0,     0.01759394411,     0.07799928742,      0.1688710056,                 0,       1.439262097
          0,           0,          93,      -2.643445287,      0.5615306718,     0.06478325384,       3.605225542,      0.1061384426,      0.1527610356,                 0,                 0,                 0,      0.0175939431,     0.07799928567,      0.1688709994,                 0,        1.43926208
          0,           0,          94,      -2.628199199,      0.5765909201,     0.07804608698,       3.640075436,        0.10613844,      0.1527610268,                 0,                 0,                 0,     0.01759394153,      0.0779992847,      0.1688709902,                 0,       1.439262031
          0,           0,          95,      -2.649505488,      0.5551376546,     0.05542055749,       3.638974876,      0.1061384379,      0.1527610157,                 0,                 0,                 0,     0.01759393952,     0.07799928454,       0.168870979,                 0,       1.439261956
          0,           0,          96,      -2.709057779,      0.4954617307,   -0.004855855536,       3.602961657,      0.1061384364,      0.1527610036,                 0,                 0,                 0,     0.01759393734,     0.07799928517,      0.1688709668,                 0,       1.439261862
          0,           0,          97,      -2.814718944,      0.3897165828,     -0.1100401865,       3.528873947,      0.1061384357,      0.1527609917,                 0,                 0,                 0,     0.01759393534,     0.07799928652,      0.1688709549,                 0,        1.43926176
          0,           0,          98,      -2.982201392,      0.2223538677,     -0.2725093021,       3.409387312,      0.1061384359,      0.1527609812,                 0,                 0,                 0,     0.01759393369,     0.07799928856,      0.1688709446,                 0,       1.439261658
          0,           0,          99,      -3.199387266,    0.006568139926,     -0.4657349901,       3.242718117,       0.106138437,       0.152760973,                 0,                 0,                 0,     0.01759393257,     0.07799929111,      0.1688709368,                 0,       1.439261565
          0,           0,         100,      -3.182233136,     0.02502771715,     -0.4394037482,       3.123300902,       0.106138439,      0.1527609678,                 0,                 0,                 0,     0.01759393206,     0.07799929393,       0.168870932,                 0,        1.43926149
          0,           0,         101,      -2.984235196,      0.2218247421,     -0.2612917293,       3.224812332,      0.1061384415,      0.1527609659,                 0,                 0,                 0,      0.0175939321,     0.07799929671,      0.1688709306,                 0,       1.439261438
          0,           0,         102,      -2.846588749,      0.3588313754,     -0.1326975403,       3.371420845,      0.1061384442,      0.1527609674,                 0,                 0,                 0,     0.01759393262,     0.07799929916,      0.1688709325,                 0,       1.439261415
          0,           0,         103,      -2.768128134,      0.4369580015,    -0.05854285192,       3.470683349,      0.1061384469,      0.1527609718,                 0,                 0,                 0,     0.01759393358,     0.07799930107,      0.1688709373,                 0,       1.439261419
          0,           0,         104,      -2.734156513,      0.4707168403,    -0.02706287662,       3.524650147,      0.1061384493,      0.1527609785,                 0,                 0,                 0,     0.01759393489,     0.07799930226,      0.1688709443,                 0,        1.43926145
          0,           0,         105,      -2.737866928,      0.4668474936,     -0.0324012894,       3.540590126,      0.1061384513,       0.152760987,                 0,                 0,                 0,     0.01759393646,     0.07799930267,       0.168870953,                 0,       1.439261504
          0,           0,         106,       -2.77837282,      0.4262097433,    -0.07395317336,       3.521597396,      0.1061384526,      0.1527609965,                 0,                 0,                 0,     0.01759393817,     0.07799930234,      0.1688709625,                 0,       1.439261575
          0,           0,         107,      -2.860295887,       0.344178924,     -0.1561396481,       3.466582734,      0.1061384533,      0.1527610061,                 0,                 0,                 0,     0.01759393985,     0.07799930137,      0.1688709722,                 0,       1.439261656
          0,           0,         108,      -2.995536894,      0.2089145784,     -0.2893747963,       3.370153907,      0.1061384534,      0.1527610151,                 0,                 0,                 0,     0.01759394139,     0.07799929989,       0.168870981,                 0,        1.43926174
          0,           0,         109,        -3.1986971,    0.006281134502,     -0.4804277564,       3.224645021,      0.1061384528,      0.1527610227,                 0,                 0,                 0,     0.01759394271,     0.07799929801,      0.1688709884,                 0,       1.439261819
          0,           0,         110,      -3.345680279,     -0.1384236682,     -0.5979936966,       3.056178883,      0.1061384517,      0.1527610283,                 0,                 0,                 0,     0.01759394364,      0.0779992959,      0.1688709937,                 0,       1.439261888
          0,           0,         111,      -3.179987258,     0.02661499666,     -0.4489040429,       3.051418537,        0.10613845,      0.1527610315,                 0,                 0,                 0,     0.01759394413,     0.07799929375,      0.1688709966,                 0,        1.43926194
          0,           0,         112,      -3.008257076,      0.1974203379,     -0.2909418554,        3.20151683,      0.1061384481,      0.1527610321,                 0,                 0,                 0,     0.01759394418,     0.07799929177,      0.1688709968,                 0,       1.439261971
          0,           0,         113,      -2.903447646,       0.301781297,     -0.1921291493,       3.325220605,      0.1061384461,      0.1527610301,                 0,                 0,                 0,      0.0175939438,     0.07799929011,      0.1688709945,                 0,        1.43926198
          0,           0,         114,      -2.849190415,       0.355777033,     -0.1410334805,       3.400054266,      0.1061384441,      0.1527610259,                 0,                 0,                 0,     0.01759394302,     0.07799928892,        0.16887099,                 0,       1.439261967
          0,           0,         115,      -2.835032328,      0.3697525554,     -0.1288387219,       3.433807911,      0.1061384424,      0.1527610199,                 0,                 0,                 0,     0.01759394196,     0.07799928828,      0.1688709839,                 0,       1.439261934
          0,           0,         116,       -2.85740882,      0.3472308518,     -0.1525201097,       3.431693247,      0.1061384411,      0.1527610128,                 0,                 0,                 0,     0.01759394071,     0.07799928822,      0.1688709767,                 0,       1.439261885
          0,           0,         117,      -2.918168368,      0.2863486177,     -0.2139810624,       3.394630604,      0.1061384403,      0.1527610053,                 0,                 0,                 0,      0.0175939394,     0.07799928871,      0.1688709691,                 0,       1.439261825
          0,           0,         118,      -3.025373796,      0.1790610817,     -0.3206466631,       3.319340446,        0.10613844,      0.1527609979,                 0,                 0,                 0,     0.01759393818,     0.07799928966,      0.1688709618,                 0,        1.43926176
          0,           0,         119,      -3.194897905,    0.009669862697,     -0.4848844887,       3.198415809,      0.1061384402,      0.1527609914,                 0,                 0,                 0,     0.01759393708,       0.077999291,      0.1688709554,                 0,       1.439261696
          0,           0,         120,      -3.411209854,     -0.2051742774,     -0.6764766536,       3.030845083,      0.1061384409,      0.1527609862,                 0,                 0,                 0,     0.01759393621,     0.07799929259,      0.1688709504,                 0,       1.439261637
          0,           0,         121,      -3.383556356,     -0.1763222807,     -0.6413694884,       2.916408455,       0.106138442,      0.1527609827,                 0,                 0,                 0,     0.01759393567,      0.0779992943,      0.1688709472,                 0,       1.439261589
          0,           0,         122,      -3.186120234,     0.01991654027,     -0.4635678943,       3.022534577,      0.1061384434,      0.1527609813,                 0,                 0,                 0,     0.01759393547,     0.07799929596,       0.168870946,                 0,       1.439261557
          0,           0,         123,      -3.050436181,      0.1549725866,     -0.3367192581,       3.168140587,       0.106138445,       0.152760982,                 0,                 0,                 0,     0.01759393562,     0.07799929742,       0.168870947,                 0,       1.439261541
          0,           0,         124,      -2.973400807,      0.2316777892,     -0.2639092149,       3.265994326,      0.1061384466,      0.1527609845,                 0,                 0,                 0,      0.0175939361,     0.07799929855,      0.1688709497,                 0,       1.439261543
          0,           0,         125,      -2.940550261,      0.2643171622,     -0.2335125308,       3.318806502,      0.1061384481,      0.1527609886,                 0,                 0,                 0,     0.01759393685,     0.07799929926,       0.168870954,                 0,       1.439261562
          0,           0,         126,      -2.945273267,      0.2594360904,     -0.2398425253,       3.333748681,      0.1061384492,      0.1527609938,                 0,                 0,                 0,     0.01759393778,     0.07799929952,      0.1688709593,                 0,       1.439261595
          0,           0,         127,      -2.986832967,      0.2177450115,     -0.2824296847,       3.313792442,      0.1061384501,      0.1527609996,                 0,                 0,                 0,     0.01759393881,     0.07799929932,      0.1688709652,                 0,       1.439261639
          0,           0,         128,      -3.070020862,      0.1344501298,     -0.3658474932,        3.25773195,      0.1061384505,      0.1527610056,                 0,                 0,                 0,     0.01759393982,     0.07799929873,      0.1688709712,                 0,       1.439261689
          0,           0,         129,      -3.206968168,   -0.002515910895,     -0.5006703843,       3.160054888,      0.1061384506,      0.1527610111,                 0,                 0,                 0,     0.01759394074,     0.07799929782,      0.1688709766,                 0,       1.439261741
          0,           0,         130,      -3.411780805,     -0.2067678145,     -0.6928313726,       3.013190815,      0.1061384502,      0.1527610158,                 0,                 0,                 0,     0.01759394153,     0.07799929664,      0.1688709812,                 0,        1.43926179
          0,           0,         131,      -3.551417303,     -0.3441252832,     -0.8035277569,       2.845866575,      0.1061384495,      0.1527610192,                 0,                 0,                 0,     0.01759394208,     0.07799929533,      0.1688709844,                 0,       1.439261832
          0,           0,         132,      -3.381176312,      -0.174610017,     -0.6506398662,       2.847935697,      0.1061384485,      0.1527610211,                 0,                 0,                 0,     0.01759394238,     0.07799929399,      0.1688709861,                 0,       1.439261864
          0,           0,         133,      -3.211344439,   -0.005684340943,     -0.4942581348,       2.998780882,      0.1061384472,      0.1527610214,                 0,                 0,                 0,     0.01759394239,     0.07799929276,      0.1688709862,                 0,       1.439261883
          0,           0,         134,      -3.108135476,     0.09708395443,      -0.396928351,       3.121107697,       0.106138446,      0.1527610201,                 0,                 0,                 0,     0.01759394214,     0.07799929174,      0.1688709847,                 0,       1.439261888
          0,           0,         135,      -3.055075054,      0.1498860803,     -0.3469859482,       3.194711476,      0.1061384448,      0.1527610175,                 0,                 0,                 0,     0.01759394166,     0.07799929101,      0.1688709819,                 0,       1.439261879
          0,           0,         136,      -3.041931491,      0.1628486306,     -0.3357855713,        3.22743978,      0.1061384437,      0.1527610138,                 0,                 0,                 0,     0.01759394099,     0.07799929062,       0.168870978,                 0,       1.439261858
          0,           0,         137,      -3.065296469,      0.1393392128,     -0.3604410449,       3.224385913,      0.1061384429,      0.1527610093,                 0,                 0,                 0,     0.01759394021,      0.0779992906,      0.1688709736,                 0,       1.439261828
          0,           0,         138,      -3.127165056,     0.07734862491,     -0.4229903784,       3.186357704,      0.1061384424,      0.1527610046,                 0,                 0,                 0,      0.0175939394,     0.07799929091,      0.1688709688,                 0,        1.43926179
          0,           0,         139,      -3.235797674,    -0.03136434274,     -0.5310227344,       3.109958823,      0.1061384422,      0.1527610001,                 0,                 0,                 0,     0.01759393864,     0.07799929151,      0.1688709643,                 0,        1.43926175
          0,           0,         140,      -3.407203896,     -0.2026255036,     -0.6968806055,       2.987708513,      0.1061384424,       0.152760996,                 0,                 0,                 0,     0.01759393795,     0.07799929235,      0.1688709603,                 0,        1.43926171
          0,           0,         141,       -3.62245997,      -0.416353707,     -0.8867315447,        2.81936188,      0.1061384428,      0.1527609928,                 0,                 0,                 0,     0.01759393742,     0.07799929334,      0.1688709573,                 0,       1.439261674
          0,           0,         142,      -3.585221529,     -0.3780188619,     -0.8436336304,       2.709711656,      0.1061384435,      0.1527609907,                 0,                 0,                 0,     0.01759393709,     0.07799929441,      0.1688709553,                 0,       1.439261644
          0,           0,         143,      -3.388422614,     -0.1824092265,     -0.6662194512,       2.819923476,      0.1061384444,      0.1527609899,                 0,                 0,                 0,     0.01759393697,     0.07799929543,      0.1688709546,                 0,       1.439261624
          0,           0,         144,      -3.254524332,    -0.04912674558,     -0.5409628495,       2.964577781,      0.1061384454,      0.1527609903,                 0,                 0,                 0,     0.01759393706,     0.07799929633,      0.1688709552,                 0,       1.439261615
          0,           0,         145,      -3.178803229,     0.02626893161,     -0.4693956146,       3.061132689,      0.1061384464,      0.1527609919,                 0,                 0,                 0,     0.01759393736,     0.07799929703,       0.168870957,                 0,       1.439261616
          0,           0,         146,      -3.147003974,     0.05785856816,     -0.4400165209,       3.112867079,      0.1061384473,      0.1527609944,                 0,                 0,                 0,     0.01759393783,     0.07799929747,      0.1688709596,                 0,       1.439261628
          0,           0,         147,      -3.152677689,     0.05202729223,     -0.4472784974,       3.126874674,       0.106138448,      0.1527609977,                 0,                 0,                 0,     0.01759393841,     0.07799929762,       0.168870963,                 0,       1.439261649
          0,           0,         148,      -3.195224717,    0.009348961263,     -0.4908355756,       3.106016959,      0.1061384485,      0.1527610013,                 0,                 0,                 0,     0.01759393904,     0.07799929749,      0.1688709666,                 0,       1.439261676
          0,           0,         149,      -3.279601886,    -0.07513447739,      -0.575409966,       3.048975583,      0.1061384488,       0.152761005,                 0,                 0,                 0,     0.01759393967,     0.07799929712,      0.1688709703,                 0,       1.439261707
          0,           0,         150,       -3.41816169,     -0.2137083084,     -0.7117300209,       2.950122711,      0.1061384488,      0.1527610084,                 0,                 0,                 0,     0.01759394024,     0.07799929654,      0.1688709737,                 0,       1.439261739
          0,           0,         151,      -3.624475451,     -0.4194277972,     -0.9048628403,       2.801994984,      0.1061384486,      0.1527610113,                 0,                 0,                 0,     0.01759394073,     0.07799929581,      0.1688709765,                 0,        1.43926177
          0,           0,         152,      -3.756910307,     -0.5495892213,      -1.008893107,       2.635894215,      0.1061384481,      0.1527610134,                 0,                 0,                 0,     0.01759394107,     0.07799929499,      0.1688709785,                 0,       1.439261796
          0,           0,         153,      -3.582746176,     -0.3762131409,     -0.8527144027,       2.644349372,      0.1061384475,      0.1527610146,                 0,                 0,                 0,     0.01759394124,     0.07799929416,      0.1688709795,                 0,       1.439261815
          0,           0,         154,       -3.41471275,     -0.2090689337,     -0.6978349619,       2.795763091,      0.1061384467,      0.1527610147,                 0,                 0,                 0,     0.01759394125,      0.0779992934,      0.1688709795,                 0,       1.439261827
          0,           0,         155,      -3.312990291,     -0.1077799978,     -0.6018841954,       2.916792728,      0.1061384459,      0.1527610139,                 0,                 0,                 0,     0.01759394109,     0.07799929277,      0.1688709786,                 0,        1.43926183
          0,           0,         156,      -3.261044098,    -0.05608898228,     -0.5530160669,       2.989250648,      0.1061384452,      0.1527610122,                 0,                 0,                 0,     0.01759394078,     0.07799929232,      0.1688709768,                 0,       1.439261824
          0,           0,         157,      -3.248849745,    -0.04407413212,     -0.5427457347,       3.021021109,      0.1061384445,      0.1527610099,                 0,                 0,                 0,     0.01759394037,     0.07799929209,      0.1688709744,                 0,       1.439261811
          0,           0,         158,      -3.273145955,    -0.06851389239,     -0.5683190037,       3.017084925,      0.1061384441,      0.1527610072,                 0,                 0,                 0,     0.01759393988,     0.07799929208,      0.1688709716,                 0,       1.439261792
          0,           0,         159,      -3.336068434,       -0.13155758,     -0.6319030575,       2.978142412,      0.1061384437,      0.1527610042,                 0,                 0,                 0,     0.01759393938,     0.07799929228,      0.1688709687,                 0,       1.439261769
          0,           0,         160,      -3.446063591,     -0.2416311024,     -0.7412408255,        2.90068865,      0.1061384436,      0.1527610014,                 0,                 0,                 0,     0.01759393891,     0.07799929266,      0.1688709659,                 0,       1.439261744
          0,           0,         161,      -3.619260658,     -0.4146702039,     -0.9086346373,       2.777176016,      0.1061384437,      0.1527609989,                 0,                 0,                 0,     0.01759393848,     0.07799929318,      0.1688709634,                 0,       1.439261719
          0,           0,         162,      -3.833276361,     -0.6270994458,      -1.096621184,       2.608144237,       0.106138444,      0.1527609969,                 0,                 0,                 0,     0.01759393816,      0.0779992938,      0.1688709615,                 0,       1.439261696
          0,           0,         163,      -3.787056603,     -0.5798839248,      -1.046050369,       2.503209567,      0.1061384444,      0.1527609956,                 0,                 0,                 0,     0.01759393795,     0.07799929446,      0.1688709603,                 0,       1.439261678
          0,           0,         164,      -3.590992413,     -0.3850008771,     -0.8691112631,       2.617113849,       0.106138445,      0.1527609951,                 0,                 0,                 0,     0.01759393788,      0.0779992951,      0.1688709599,                 0,       1.439261666
          0,           0,         165,      -3.458782674,     -0.2533957567,     -0.7453638458,       2.760823427,      0.1061384456,      0.1527609954,                 0,                 0,                 0,     0.01759393794,     0.07799929565,      0.1688709603,                 0,        1.43926166
          0,           0,         166,      -3.384300829,     -0.1792350838,     -0.6749701299,       2.856148506,      0.1061384462,      0.1527609964,                 0,                 0,                 0,     0.01759393813,     0.07799929608,      0.1688709614,                 0,       1.439261661
          0,           0,         167,      -3.353490081,     -0.1486323567,       -0.64654965,       2.906868485,      0.1061384468,       0.152760998,                 0,                 0,                 0,     0.01759393842,     0.07799929635,      0.1688709631,                 0,       1.439261669
          0,           0,         168,      -3.360071865,     -0.1553713894,     -0.6547002794,       2.919986853,      0.1061384472,      0.1527610001,                 0,                 0,                 0,     0.01759393878,     0.07799929644,      0.1688709652,                 0,       1.439261682
          0,           0,         169,      -3.403564625,     -0.1989951391,     -0.6991872434,       2.898268232,      0.1061384475,      0.1527610023,                 0,                 0,                 0,     0.01759393918,     0.07799929636,      0.1688709674,                 0,       1.439261699
          0,           0,         170,      -3.489084537,     -0.2846205621,      -0.784872906,       2.840287285,      0.1061384477,      0.1527610046,                 0,                 0,                 0,     0.01759393957,     0.07799929612,      0.1688709697,                 0,       1.439261718
          0,           0,         171,      -3.629198294,     -0.4247433485,     -0.9226322416,       2.740304562,      0.1061384477,      0.1527610067,                 0,                 0,                 0,     0.01759393992,     0.07799929576,      0.1688709718,                 0,       1.439261738
          0,           0,         172,      -3.836901249,     -0.6318186515,      -1.116629764,       2.590973637,      0.1061384476,      0.1527610085,                 0,                 0,                 0,     0.01759394022,      0.0779992953,      0.1688709735,                 0,       1.439261757
          0,           0,         173,      -3.962176555,     -0.7548322665,      -1.214089506,       2.426184588,      0.1061384473,      0.1527610098,                 0,                 0,                 0,     0.01759394043,      0.0779992948,      0.1688709748,                 0,       1.439261773
          0,           0,         174,      -3.784561063,     -0.5780593891,      -1.055005108,       2.440732478,      0.1061384469,      0.1527610105,                 0,                 0,                 0,     0.01759394054,     0.07799929428,      0.1688709754,                 0,       1.439261785
          0,           0,         175,      -3.618261667,      -0.412633587,     -0.9015785421,       2.592563846,      0.1061384464,      0.1527610106,                 0,                 0,                 0,     0.01759394054,     0.07799929381,      0.1688709754,                 0,       1.439261792
          0,           0,         176,      -3.517940332,      -0.312738978,     -0.8069282155,        2.71235877,      0.1061384459,      0.1527610101,                 0,                 0,                 0,     0.01759394044,     0.07799929342,      0.1688709748,                 0,       1.439261794
          0,           0,         177,      -3.467053679,     -0.2621042225,     -0.7590821506,       2.783727449,      0.1061384455,       0.152761009,                 0,                 0,                 0,     0.01759394024,     0.07799929315,      0.1688709737,                 0,        1.43926179
          0,           0,         178,      -3.455771613,      -0.250999989,     -0.7497064748,       2.814579917,      0.1061384451,      0.1527610076,                 0,                 0,                 0,     0.01759393998,       0.077999293,      0.1688709722,                 0,       1.439261782
          0,           0,         179,        -3.4809688,     -0.2763399042,     -0.7761681131,       2.809792484,      0.1061384448,      0.1527610059,                 0,                 0,                 0,     0.01759393968,       0.077999293,      0.1688709704,                 0,        1.43926177
          0,           0,         180,      -3.544912423,     -0.3404041651,     -0.8407544989,       2.769966299,      0.1061384446,       0.152761004,                 0,                 0,                 0,     0.01759393937,     0.07799929313,      0.1688709686,                 0,       1.439261755
          0,           0,         181,      -3.656229977,     -0.4517981155,     -0.9513579617,       2.691491685,      0.1061384445,      0.1527610023,                 0,                 0,                 0,     0.01759393908,     0.07799929337,      0.1688709669,                 0,        1.43926174
          0,           0,         182,      -3.831151046,     -0.6265475153,      -1.120223488,       2.566761912,      0.1061384446,      0.1527610007,                 0,                 0,                 0,     0.01759393881,     0.07799929369,      0.1688709654,                 0,       1.439261724
          0,           0,         183,      -4.043745479,     -0.8374994988,      -1.306208578,       2.397117029,      0.1061384447,      0.1527609995,                 0,                 0,                 0,     0.01759393861,     0.07799929408,      0.1688709642,                 0,       1.439261711
          0,           0,         184,      -3.988972253,     -0.7818297877,      -1.248534833,       2.296894328,       0.106138445,      0.1527609987,                 0,                 0,                 0,     0.01759393849,     0.07799929449,      0.1688709635,                 0,       1.439261699
          0,           0,         185,      -3.793723782,     -0.5877530884,      -1.072146162,       2.414197295,      0.1061384454,      0.1527609984,                 0,                 0,                 0,     0.01759393845,     0.07799929488,      0.1688709632,                 0,       1.439261692
          0,           0,         186,      -3.663137676,     -0.4577609122,     -0.9498536083,       2.556959739,      0.1061384457,      0.1527609986,                 0,                 0,                 0,     0.01759393849,     0.07799929523,      0.1688709635,                 0,       1.439261688
          0,           0,         187,       -3.58984895,     -0.3847892704,     -0.8805914314,       2.651097197,      0.1061384461,      0.1527609992,                 0,                 0,                 0,     0.01759393861,     0.07799929549,      0.1688709642,                 0,       1.439261689
          0,           0,         188,      -3.559992093,     -0.3551387628,      -0.853097603,       2.700838627,      0.1061384465,      0.1527610002,                 0,                 0,                 0,     0.01759393879,     0.07799929565,      0.1688709652,                 0,       1.439261694
          0,           0,         189,      -3.567451823,     -0.3627551661,     -0.8621094699,       2.713098173,      0.1061384467,      0.1527610015,                 0,                 0,                 0,     0.01759393901,     0.07799929571,      0.1688709665,                 0,       1.439261702
          0,           0,         190,      -3.611876288,     -0.4073106995,     -0.9075103161,       2.690535567,      0.1061384469,      0.1527610029,                 0,                 0,                 0,     0.01759393926,     0.07799929565,      0.1688709679,                 0,       1.439261713
          0,           0,         191,      -3.698524828,     -0.4940643071,     -0.9942916689,        2.63163009,       0.106138447,      0.1527610043,                 0,                 0,                 0,      0.0175939395,     0.07799929551,      0.1688709693,                 0,       1.439261725
          0,           0,         192,      -3.840159683,     -0.6357033839,      -1.133455945,       2.530543475,       0.106138447,      0.1527610057,                 0,                 0,                 0,     0.01759393972,     0.07799929528,      0.1688709706,                 0,       1.439261737
          0,           0,         193,      -4.049144456,     -0.8440256656,      -1.328217682,       2.380060722,      0.1061384469,      0.1527610067,                 0,                 0,                 0,      0.0175939399,       0.077999295,      0.1688709717,                 0,       1.439261749
          0,           0,         194,      -4.167208224,     -0.9598436306,      -1.419120578,       2.216700521,      0.1061384468,      0.1527610075,                 0,                 0,                 0,     0.01759394003,     0.07799929468,      0.1688709724,                 0,       1.439261759
          0,           0,         195,      -3.986527553,     -0.7800569356,      -1.257423682,       2.237112266,      0.1061384465,       0.152761008,                 0,                 0,                 0,      0.0175939401,     0.07799929436,      0.1688709728,                 0,       1.439261766
          0,           0,         196,      -3.821902206,     -0.6162888435,      -1.105407403,        2.38927228,      0.1061384462,       0.152761008,                 0,                 0,                 0,      0.0175939401,     0.07799929407,      0.1688709728,                 0,        1.43926177
          0,           0,         197,      -3.722940103,     -0.5177464409,      -1.012020833,       2.507862466,      0.1061384459,      0.1527610077,                 0,                 0,                 0,     0.01759394003,     0.07799929383,      0.1688709724,                 0,       1.439261771
          0,           0,         198,      -3.673092794,     -0.4681481492,     -0.9651771573,        2.57816471,      0.1061384456,       0.152761007,                 0,                 0,                 0,     0.01759393991,     0.07799929366,      0.1688709717,                 0,       1.439261769
          0,           0,         199,      -3.662709779,     -0.4579418335,     -0.9566823572,       2.608114528,      0.1061384454,      0.1527610061,                 0,                 0,                 0,     0.01759393975,     0.07799929357,      0.1688709708,                 0,       1.439261764
          0,           0,         200,      -3.688791338,     -0.4841655638,     -0.9840158785,       2.602492398,      0.1061384452,       0.152761005,                 0,                 0,                 0,     0.01759393956,     0.07799929357,      0.1688709697,                 0,       1.439261756
          0,           0,         201,      -3.753739571,     -0.5492337936,      -1.049588484,       2.561798467,      0.1061384451,      0.1527610039,                 0,                 0,                 0,     0.01759393937,     0.07799929365,      0.1688709686,                 0,       1.439261747
          0,           0,         202,      -3.866361067,     -0.6619293469,      -1.161440055,       2.482319866,       0.106138445,      0.1527610028,                 0,                 0,                 0,     0.01759393919,      0.0779992938,      0.1688709675,                 0,       1.439261738
          0,           0,         203,      -4.042985355,       -0.83836821,      -1.331750297,       2.356387567,      0.1061384451,      0.1527610019,                 0,                 0,                 0,     0.01759393902,     0.07799929401,      0.1688709666,                 0,       1.439261728
          0,           0,         204,      -4.253946923,      -1.047632337,      -1.515558489,       2.186194227,      0.1061384452,      0.1527610011,                 0,                 0,                 0,      0.0175939389,     0.07799929425,      0.1688709659,                 0,        1.43926172
          0,           0,         205,      -4.190902395,     -0.9837898575,      -1.451031151,       2.090752154,      0.1061384454,      0.1527610006,                 0,                 0,                 0,     0.01759393882,      0.0779992945,      0.1688709654,                 0,       1.439261713
          0,           0,         206,      -3.996555727,     -0.7906049987,      -1.275270915,       2.211227504,      0.1061384456,      0.1527610005,                 0,                 0,                 0,      0.0175939388,     0.07799929475,      0.1688709653,                 0,       1.439261708
          0,           0,         207,        -3.8675611,     -0.6621940682,      -1.154407295,       2.353023747,      0.1061384458,      0.1527610006,                 0,                 0,                 0,     0.01759393882,     0.07799929496,      0.1688709654,                 0,       1.439261706
          0,           0,         208,      -3.795437964,     -0.5903841266,      -1.086251865,       2.445996733,       0.106138446,       0.152761001,                 0,                 0,                 0,      0.0175939389,     0.07799929512,      0.1688709659,                 0,       1.439261707
          0,           0,         209,      -3.766518275,     -0.5616692166,      -1.059668646,       2.494777503,      0.1061384463,      0.1527610016,                 0,                 0,                 0,     0.01759393901,     0.07799929522,      0.1688709665,                 0,        1.43926171
          0,           0,         210,       -3.77484155,     -0.5701484829,      -1.069528445,       2.506193307,      0.1061384464,      0.1527610024,                 0,                 0,                 0,     0.01759393915,     0.07799929525,      0.1688709673,                 0,       1.439261715
          0,           0,         211,      -3.820182373,     -0.6156199683,      -1.115830527,       2.482801735,      0.1061384465,      0.1527610033,                 0,                 0,                 0,     0.01759393931,     0.07799929522,      0.1688709682,                 0,       1.439261721
          0,           0,         212,      -3.907952037,     -0.7034937755,      -1.203701765,       2.422980995,      0.1061384466,      0.1527610042,                 0,                 0,                 0,     0.01759393946,     0.07799929512,      0.1688709691,                 0,       1.439261729
          0,           0,         213,      -4.051112269,      -0.846653088,      -1.344272479,       2.320791373,      0.1061384466,       0.152761005,                 0,                 0,                 0,     0.01759393959,     0.07799929498,      0.1688709699,                 0,       1.439261736
          0,           0,         214,      -4.261322834,      -1.056165741,      -1.539728889,       2.169168796,      0.1061384465,      0.1527610056,                 0,                 0,                 0,     0.01759393971,     0.07799929481,      0.1688709705,                 0,       1.439261744
          0,           0,         215,      -4.372018884,      -1.164637501,        -1.6239759,        2.00735531,      0.1061384464,      0.1527610061,                 0,                 0,                 0,     0.01759393978,     0.07799929461,       0.168870971,                 0,        1.43926175
          0,           0,         216,      -4.188570593,     -0.9821285706,      -1.459911367,       2.033534739,      0.1061384463,      0.1527610064,                 0,                 0,                 0,     0.01759393982,     0.07799929441,      0.1688709712,                 0,       1.439261754
          0,           0,         217,      -4.025629158,     -0.8200292529,      -1.309320244,        2.18590553,      0.1061384461,      0.1527610064,                 0,                 0,                 0,     0.01759393982,     0.07799929423,      0.1688709712,                 0,       1.439261757
          0,           0,         218,      -3.928007474,       -0.72282118,      -1.217179971,       2.303293951,      0.1061384459,      0.1527610062,                 0,                 0,                 0,     0.01759393978,     0.07799929408,       0.168870971,                 0,       1.439261757
          0,           0,         219,      -3.879178778,     -0.6742389988,      -1.171317417,        2.37254906,      0.1061384457,      0.1527610058,                 0,                 0,                 0,     0.01759393971,     0.07799929398,      0.1688709705,                 0,       1.439261756
          0,           0,         220,      -3.869674919,     -0.6649106542,      -1.163683604,       2.401615962,      0.1061384456,      0.1527610052,                 0,                 0,                 0,      0.0175939396,     0.07799929393,        0.16887097,                 0,       1.439261753
          0,           0,         221,      -3.896630827,     -0.6920080456,      -1.191879146,       2.395170758,      0.1061384455,      0.1527610046,                 0,                 0,                 0,     0.01759393949,     0.07799929393,      0.1688709693,                 0,       1.439261748
          0,           0,         222,      -3.962578729,     -0.7580752484,      -1.258433171,       2.353616323,      0.1061384454,      0.1527610039,                 0,                 0,                 0,     0.01759393937,     0.07799929398,      0.1688709686,                 0,       1.439261742
          0,           0,         223,      -4.076510911,     -0.8720792759,      -1.371537564,       2.273132835,      0.1061384454,      0.1527610032,                 0,                 0,                 0,     0.01759393925,     0.07799929407,      0.1688709679,                 0,       1.439261736
          0,           0,         224,      -4.254830856,       -1.05019938,      -1.543277615,       2.146001313,      0.1061384454,      0.1527610026,                 0,                 0,                 0,     0.01759393915,      0.0779992942,      0.1688709673,                 0,        1.43926173
          0,           0,         225,      -4.463930345,      -1.257547206,      -1.724712514,       1.975320198,      0.1061384455,      0.1527610021,                 0,                 0,                 0,     0.01759393908,     0.07799929435,      0.1688709669,                 0,       1.439261725
          0,           0,         226,      -4.392828615,      -1.185746153,      -1.653522525,       1.884760943,      0.1061384456,      0.1527610018,                 0,                 0,                 0,     0.01759393903,     0.07799929451,      0.1688709666,                 0,       1.439261721
          0,           0,         227,      -4.199462056,     -0.9935307807,      -1.478462054,       2.008223941,      0.1061384457,      0.1527610017,                 0,                 0,                 0,     0.01759393902,     0.07799929466,      0.1688709665,                 0,       1.439261718
          0,           0,         228,       -4.07203857,     -0.8666809602,      -1.359012563,       2.149033284,      0.1061384459,      0.1527610018,                 0,                 0,                 0,     0.01759393903,     0.07799929479,      0.1688709666,                 0,       1.439261717
          0,           0,         229,      -4.001069006,     -0.7960208334,      -1.291953059,       2.240850868,       0.106138446,      0.1527610021,                 0,                 0,                 0,     0.01759393908,     0.07799929489,      0.1688709669,                 0,       1.439261717
          0,           0,         230,      -3.973078755,     -0.7682339022,      -1.266273265,        2.28867943,      0.1061384461,      0.1527610025,                 0,                 0,                 0,     0.01759393915,     0.07799929495,      0.1688709673,                 0,       1.439261719
          0,           0,         231,      -3.982260104,     -0.7775706073,      -1.276975743,       2.299257961,      0.1061384462,      0.1527610029,                 0,                 0,                 0,     0.01759393924,     0.07799929497,      0.1688709678,                 0,       1.439261722
          0,           0,         232,      -4.028514797,     -0.8239555407,      -1.324176595,       2.275041424,      0.1061384463,      0.1527610035,                 0,                 0,                 0,     0.01759393933,     0.07799929495,      0.1688709684,                 0,       1.439261726
          0,           0,         233,      -4.117407053,     -0.9129509369,      -1.413138705,       2.214306861,      0.1061384463,       0.152761004,                 0,                 0,                 0,     0.01759393943,     0.07799929489,      0.1688709689,                 0,       1.439261731
          0,           0,         234,      -4.262096424,      -1.057633901,      -1.555116348,       2.111014325,      0.1061384463,      0.1527610045,                 0,                 0,                 0,     0.01759393951,      0.0779992948,      0.1688709694,                 0,       1.439261736
          0,           0,         235,      -4.473465838,      -1.268268884,      -1.751188256,       1.958267751,      0.1061384463,       0.152761005,                 0,                 0,                 0,     0.01759393958,     0.07799929469,      0.1688709698,                 0,        1.43926174
          0,           0,         236,      -4.576620612,      -1.369226378,      -1.828669371,       1.798136925,      0.1061384462,      0.1527610053,                 0,                 0,                 0,     0.01759393963,     0.07799929457,      0.1688709701,                 0,       1.439261744
          0,           0,         237,      -4.390684306,      -1.184270558,      -1.662458075,       1.829993739,      0.1061384461,      0.1527610054,                 0,                 0,                 0,     0.01759393965,     0.07799929444,      0.1688709702,                 0,       1.439261747
          0,           0,         238,      -4.229421254,      -1.023834404,      -1.513295061,       1.982483091,       0.106138446,      0.1527610054,                 0,                 0,                 0,     0.01759393965,     0.07799929433,      0.1688709702,                 0,       1.439261749
          0,           0,         239,      -4.133123527,     -0.9279444202,      -1.422386122,       2.098673986,      0.1061384459,      0.1527610053,                 0,                 0,                 0,     0.01759393963,     0.07799929424,      0.1688709701,                 0,       1.439261749
          0,           0,         240,      -4.085297901,     -0.8803629029,      -1.377490412,       2.166896289,      0.1061384458,       0.152761005,                 0,                 0,                 0,     0.01759393958,     0.07799929418,      0.1688709698,                 0,       1.439261748
          0,           0,         241,      -4.076670739,     -0.8719099495,      -1.370715903,        2.19508511,      0.1061384457,      0.1527610047,                 0,                 0,                 0,     0.01759393952,     0.07799929415,      0.1688709694,                 0,       1.439261746
          0,           0,         242,      -4.104502653,     -0.8998828034,       -1.39977442,       2.187817504,      0.1061384456,      0.1527610043,                 0,                 0,                 0,     0.01759393944,     0.07799929415,       0.168870969,                 0,       1.439261743
          0,           0,         243,      -4.171453273,      -0.966952286,      -1.467311187,       2.145401926,      0.1061384456,      0.1527610038,                 0,                 0,                 0,     0.01759393937,     0.07799929418,      0.1688709686,                 0,       1.439261739
          0,           0,         244,      -4.286695144,       -1.08226384,      -1.581665199,       2.063916537,      0.1061384456,      0.1527610034,                 0,                 0,                 0,      0.0175939393,     0.07799929424,      0.1688709682,                 0,       1.439261736
          0,           0,         245,      -4.466699313,      -1.262053234,      -1.754814839,       1.935591328,      0.1061384456,       0.152761003,                 0,                 0,                 0,     0.01759393924,     0.07799929432,      0.1688709678,                 0,       1.439261732
          0,           0,         246,      -4.673704777,      -1.467254134,      -1.933679125,       1.764482709,      0.1061384456,      0.1527610028,                 0,                 0,                 0,     0.01759393919,     0.07799929441,      0.1688709675,                 0,       1.439261729
          0,           0,         247,      -4.594746322,      -1.387694572,      -1.856006101,       1.678914097,      0.1061384457,      0.1527610026,                 0,                 0,                 0,     0.01759393916,     0.07799929451,      0.1688709674,                 0,       1.439261726
          0,           0,         248,      -4.402443606,      -1.196530989,      -1.681721593,       1.805182702,      0.1061384458,      0.1527610025,                 0,                 0,                 0,     0.01759393915,      0.0779992946,      0.1688709673,                 0,       1.439261724
          0,           0,         249,      -4.276578631,      -1.071230343,      -1.563676818,       1.944980254,      0.1061384459,      0.1527610026,                 0,                 0,                 0,     0.01759393916,     0.07799929468,      0.1688709674,                 0,       1.439261724
