*,
.,
?,
Aaron,
Abaddon,
Abarim,
Abda,
Abdi,
Abdiel,
Abdon_man,
Abdon_village,
Abeizer,
Abel,
Abel_Beth_Maakah,
Abel_Keramim,
Abel_Meholah,
Abel_Mizraim,
Abiasaph,
Abiathar,
Abida,
Abidah,
Abidan,
abide,
Abiel,
Abiezer,
Abigail,
Abihail,
Abihu,
Abihud,
Abijah_man,
Abijah_woman,
Abilene,
ability,
Abimael,
Abimelech,
Abinadab,
Abinoam,
Abiram,
Abishag,
Abishai,
Abishua,
Abishur,
Abital,
Abitub,
Abiud,
Abner,
abomination,
about,
above,
Abraham,
Abram,
Abronah,
Absalom,
Abyss,
according_to,
accuse,
Achaia,
Achaicus,
Achan,
Achim,
Achish,
Achor,
Adadah,
Adah,
Adaiah,
Adam_man,
Adam_village,
Adamah,
Adamah,
Adami_Nekeb,
Adbeel,
Addar,
Addi,
Addumim,
Adiel,
Adithaim,
Admah,
Admin,
Adnah,
Adoni_Zedek,
Adonijah,
Adoniram,
adopt,
adoption,
Adoraim,
Adrammelek,
Adramyttium,
Adriatic_Sea,
Adriel,
Adullam,
adultery,
Aeneas,
Aenon,
afraid,
after,
Agabus,
Agag,
against,
Agrippa,
Agur,
Ahab,
Aharhel,
Ahasuerus,
Ahaz,
Ahaziah,
Ahban,
Ahi,
Ahian,
Ahiezer,
Ahihud,
Ahijah,
Ahikam,
Ahilud,
Ahimaaz,
Ahiman,
Ahimelech,
Ahimoth,
Ahinadab,
Ahinoam,
Ahio,
Ahira,
Ahiram,
Ahisamak,
Ahishahar,
Ahitub,
Ahlab,
Ahlai,
Ahumai,
Ahuzzam,
Ahuzzath,
Ai,
Aiah,
Aijalon,
Ain,
air,
Akan,
Akbor,
Akkad,
Akko,
Akkub,
Akkum,
Akrabbim,
Aksah,
Akshaph,
Akzib,
alabaster,
Alemeth,
Alexander,
Alexandria,
alive,
all,
Allammelek,
Allon,
Allon_Bakuth,
allow,
Almodad,
Almon,
Almon_Diblathaim,
alone,
Alphaeus,
altar,
Alush,
Alvah,
Alvan,
always,
Amad,
Amal,
Amalek_man,
Amam,
Amariah,
Amasai,
Amasiah,
amazed,
Amaziah,
amazing,
ambassador,
amen,
Amittai,
Ammah,
Ammiel,
Ammihud,
Amminadab,
Ammishaddai,
Ammon,
Amnon,
Amon,
Amorites,
Amos,
Amoz,
Amphipolis,
Ampliatus,
Amram,
Amraphel,
Anab,
Anah,
Anaharath,
Anak,
Anam,
Anani,
Ananias,
Anath,
Anathoth_man,
Anathoth_village,
ancestor,
and,
Andrew,
Andronicus,
Aner,
angel,
anger,
angry,
Aniam,
Anim,
animal,
Anna,
Annas,
anointed,
another,
Anthothijah,
Antichrist,
Antioch,
Antipas,
Antipatris,
Anub,
Apelles,
Aphek,
Aphekah,
Aphiah,
Apollonia,
Apollos,
apostle,
Appaim,
appear,
Apphia,
appointed,
Appolyon,
Aquila,
Ar,
Ara,
Arab,
Arabia,
Arad_man,
Arad_village,
Arah_land,
Arah_man,
Aram,
Aram_man,
Aram_Naharaim,
Aran,
Ararat,
Arba,
Archippus,
Ard,
Ardon,
Areli,
Areopagus,
Aretas,
Argob_land,
Argob_man,
argument,
Arieh,
Arimathea,
Arioch,
arise,
Aristarchus,
Aristobulus,
Arkites,
arm,
Armoni,
armor,
army,
Arnan,
Arni,
Arnon,
Arodi,
Aroer,
around,
Arpad,
Arphaxad,
arrest,
arrow,
Artemas,
Arumah,
Arvad,
Arza,
Asa,
Asahel,
Asaiah,
Asaph,
Asarel,
ascend,
Asenath,
ash,
ashamed,
Ashan,
Ashbel,
Ashdod,
Asher_land,
Asher_man,
Asherah,
Ashhur,
Ashhur,
Ashkelon,
Ashkelon,
Ashkenaz,
Ashnah,
Ashtaroth,
Ashtiroth_Karnaim,
Ashur_land,
Ashur_man,
Ashvath,
Asia,
Asiel,
ask,
Asriel,
Asshurites,
Assir,
Assos,
assurance,
Assyria,
Asyncritius,
Atad,
Atarah,
Ataroth,
Ataroth_Addar,
Ataroth_Shophan,
Athaliah_man,
Athaliah_woman,
Atharim,
Athens,
Attai,
Attalia,
attendant,
author,
authority,
avenge,
Avith,
Avva,
Avvites,
awake,
away,
Awel_Marduk,
Azaliah,
Azaziah,
Azekah,
Azel,
Azmaveth_man,
Azmaveth_village,
Azmon,
Azor,
Azotus,
Azriel,
Azrikam,
Azubah,
Azzan,
Baal,
Baal_Gad,
Baal_Hanan,
Baal_man,
Baal_Meon,
Baal_Perazim,
Baal_Shalishah,
Baal_Zephon,
Baalah,
Baalath,
Baanah,
Baara,
Baaseiah,
Baasha,
Babel,
baby,
Babylon,
backward,
bad,
bag,
Bakbakkar,
Balaam,
Baladan,
Balah,
Balak,
Bamoth_land,
Bamoth_man,
Bani,
bank,
banner,
baptism,
baptize,
Barabbas,
Barachiah,
Barak,
Bariah,
Barnabas,
Barsabbas,
Bartholomew,
Bartimaeus,
Basemath,
Bashan,
basket,
Bathsheba,
battle,
Bealoth,
bear,
bear_with,
beast,
beat,
beautiful,
beauty,
because,
beckon,
become_person,
become_thing,
bed,
Bedad,
Beelzebul,
Beer,
Beer_Lahai_Roi,
Beerah,
Beeri,
Beeroth,
Beersheba,
before,
beg,
beginning,
behind,
Beker,
Bekorath,
Bela_man,
Bela_village,
believe,
Believer,
bell,
belt,
Ben-Hail,
Ben_Ammi,
Ben_Hadad,
Ben_Hail,
Ben_Hanan,
Ben_Hinnom,
Ben_oni,
Benaiah,
Bene_Berak,
Bene_Jaakan,
Benjamin_land,
Benjamin_man,
Beno,
Beon,
Beor,
Bera,
Beraiah,
Berea,
Bered_city,
Bered_man,
Beri,
Beriah,
Bernice,
Berothai,
beside,
best,
Beten,
Beth_Anath,
Beth_Arabah,
Beth_Arbel,
Beth_Ashbea,
Beth_Aven,
Beth_Baal_Meon,
Beth_Barah,
Beth_Dagon,
Beth_Eden,
Beth_Emek,
Beth_Ezel,
Beth_Haggan,
Beth_Haran,
Beth_Hoglah,
Beth_Horon,
Beth_Jeshimoth,
Beth_Leaphrah,
Beth_Markaboth,
Beth_Millo,
Beth_Pazzez,
Beth_Pelet,
Beth_Peor,
Beth_Rapha,
Beth_Shan,
Beth_Shemesh,
Beth_Shittah,
Beth_Zur,
Bethany,
Bethel,
Bethesda,
Bethlehem_man,
Bethlehem_village,
Bethphage,
Bethsaida,
Bethuel_city,
Bethuel_man,
Betonim,
betray,
betrayal,
better,
between,
Bezalel,
Bezek,
Bezer_man,
Bezer_village,
Bible,
Bidkar,
big,
Bigthana,
Bikri,
Bildad,
Bilgah,
Bilhah_village,
Bilhah_woman,
Bilhan,
Bimhal,
Binea,
bird,
Birsha,
birth,
Birzaith,
Bithynia,
bitter,
Biziothiah,
black,
blaspheme,
blasphemy,
Blastus,
blemish,
bless,
blessed,
blessing,
blind,
blood,
blue,
boast,
boat,
Boaz,
body,
Bohan,
Bokeru,
Bokim,
bone,
book,
born,
bottom,
bound,
bow,
bow_arrow,
bowl,
box,
boy,
boys,
Bozkath,
Bozrah,
branch,
brave,
bread,
break,
breast,
breastplate,
breath,
breathe,
bribe,
brick,
bride,
bright,
bring,
bronze,
brother,
brothers,
build,
building,
Bukki,
Bunah,
burden,
burn,
burnt,
bury,
but,
buy,
Buz,
Caesar,
Caesarea,
Caiaphas,
Cain,
Cainan,
Calah,
Caleb,
call,
camel,
can,
Cana,
Canaan_land,
Canaan_man,
Candace,
Capernaum,
Caphtorites,
Cappadocia,
Carchemish,
careful,
Carmel,
carpenter,
Carpus,
carry,
case,
catch,
Cauda,
cave,
Cenchrea,
census,
centurion,
Cephas,
ceremony,
chain,
chair,
Chaldea,
change,
chapter,
chariot,
Chemosh,
Chesulloth,
chew_cud,
child,
children,
Chios,
Chloe,
choose,
Chorazin,
Christ,
Christian,
Chronicles,
church,
Chuza,
Cilicia,
circumcise,
circumcision,
citizen,
Clauda,
Claudia,
Claudius,
clay,
clean,
Clement,
Cleopas,
cloak,
Clopas,
close,
closed,
clothe,
clothing,
cloud,
Cnidus,
cohort,
cold,
color,
Colossae,
come,
come_out,
comfort,
command,
commandment,
compassion,
complete,
concubine,
condemn,
condemnation,
confession,
confidence,
confuse,
continue,
control,
convert,
Corinth,
Cornelius,
corner,
cornerstone,
correct,
Cosam,
couch,
council,
counted,
country,
countrymen,
countryside,
courage,
courtyard,
covenant,
cover,
covet,
cow,
create,
creation,
Creator,
credit,
Crescan,
Crete,
Crispus,
criticize,
crooked,
cross,
crowd,
crown,
crucify,
crush,
cry,
cup,
curse,
curtain,
Cush,
Cush_land,
Cush_man,
Cushan_Rishathaim,
Cushi,
cushion,
custom,
cut,
cymbal,
Cypress,
Cyprus,
Cyrene,
Dabbesheth,
Daberath,
Dagon,
Dalmanutha,
Dalmatia,
Damaris,
Damascus,
Dan_land,
Dan_man,
dance,
Daniel,
Dannah,
Darius,
dark,
Dathan,
daughter,
daughters,
David,
day,
deacon,
dead,
deaf,
death,
Debir_city,
Debir_man,
Deborah,
Decapolis,
deceive,
deceiver,
deception,
Dedan,
Dedan,
deep,
deer,
Delaiah,
Delilah,
Demes,
Demetrius,
demon,
denarius,
deny,
depart,
depth,
Derbe,
descend,
descendant,
desert,
deserve,
desire,
destroy,
destruction,
Deuel,
Diblaim,
Dibon,
Dibon_Gad,
Dibri,
Didymus,
die,
different,
difficult,
dignify,
Diklah,
Dilean,
Dimnah,
Dimonah,
Dinah,
Dinhabah_city,
Dionysius,
Diotrephes,
direction,
dirt,
dirty,
disciple,
discipline,
discourage,
disease,
dish,
Dishan,
Dishon,
disobedience,
disobey,
divide,
division,
divorce,
Dizahab,
do,
doctor,
Dodanim,
Dodo,
Doeg,
dog,
dominion,
donkey,
door,
Dophkah,
Dor,
Dorcas,
Dothan,
doubt,
dough,
dove,
down,
dragon,
dream,
drink,
drum,
drunk,
Drusilla,
dry,
Dumah_man,
Dumah_village,
dust,
dwell,
eagle,
ear,
earn,
earth,
earthquake,
east,
easy,
eat,
Ebal,
Ebed,
Eber_land,
Eber_man,
Ebez,
Eden_garden,
Eden_man,
Eden_village,
Eder_man,
Eder_village,
Edom_land,
Edom_man,
Edrei,
egg,
Eglah,
Eglon_man,
Eglon_village,
Egypt,
Ehi,
Ehud,
eight,
Eker,
Ekron,
El,
El_Elohe,
Elah,
Elam_land,
Elam_man,
Elath,
Eldaah,
Eldad,
elder,
Elead,
Eleadah,
Elealeh,
Eleasah,
Eleazar,
elect,
Elhanan,
Eli,
Eliab,
Eliada,
Eliakim,
Eliasaph,
Eliashib,
Elidad,
Eliehoenai,
Eliel,
Elienai,
Eliezer,
Elihu,
Elijah,
Elim,
Elimelek,
Eliphaz,
Eliphelehu,
Eliphelet,
Elisha,
Elishah,
Elishama,
Elisheba,
Elishua,
Eliud,
Elizabeth,
Elizaphan,
Elizur,
Elkanah,
Elkosh,
Ellasar,
Elmadam,
Elnathan,
Elon,
Elpaal,
Eltekeh,
Eltekon,
Eltolad,
Elzabad,
Elzaphan,
Emek_Keziz,
Emites,
Emmaus,
Emmor,
empty,
En_Gannim,
En_Gedi,
En_Haddah,
En_Rogel,
En_Shemesh,
Enaim,
Enam,
Enan,
encourage,
end,
Endor,
endure,
enemy,
enmity,
Enoch,
Enos,
Enosh,
enter,
envy,
Epaenetus,
Epaphras,
Epaphroditus,
Ephah,
Epher,
Ephes_Dammim,
Ephesus,
Ephlal,
Ephod,
Ephraim_land,
Ephraim_man,
Ephrath,
Ephrathah,
Ephron,
Epicurean,
equal,
Er,
Eran,
Erastus,
Erech,
Eri,
Esarhaddon,
Esau,
Esek,
Eshan,
Eshban,
Eshek,
Eshkol_land,
Eshkol_man,
Eshtaol,
Eshtemoa_man,
Eshtemoa_village,
Eshtemoh,
Eshton,
Esli,
Esther,
Etam,
eternal,
eternity,
Eth_Kazin,
Etham,
Ether,
Ethiopia,
Ethnan,
Ethni,
Eubulus,
Eunice,
eunuch,
Euodia,
Euphrates_River,
Eutychus,
evangelist,
Eve,
evening,
everyone,
everything,
everywhere,
Evi,
exalt,
example,
explain,
explanation,
eye,
Ezbon,
Ezem,
Ezer,
Ezion_Geber,
Ezra,
fabric,
face,
Fair_Haven,
faith,
faithful,
faithfulness,
fall,
false,
family,
famine,
far,
farewell,
farm,
farmer,
fast_no_eat,
fast_speed,
fat,
fat_animal,
father,
fear,
feast,
Felix,
festival,
few,
field,
fig,
fight,
fill,
find,
finger,
finish,
fire,
first,
fish,
fisherman,
five,
fix,
flesh,
flip,
flood,
flour,
flower,
flute,
fly,
follow,
food,
fool,
foot,
for,
foreigner,
foreknowledge,
forest,
forgive,
forgiveness,
Fortunatus,
forward,
foundation,
four,
fox,
fragrant,
free,
free_no_cost,
Freedmen,
freedom,
friend,
frog,
from,
fruit,
fulfill,
full,
futile,
future,
Gaal,
Gaash,
Gabriel,
Gad,
Gadara,
Gaddi,
Gaddiel,
Gaham,
gain,
Gaius,
Galal,
Galatia,
Galeed,
Galilee,
Gallim,
Gallio,
Gamaliel,
Gamul,
garden,
Gatam,
gate,
Gath,
Gath_Hepher,
Gath_Rimmon,
gathered,
gathered_people,
gathered_things,
Gaza,
Gazez,
Geba,
Gebal,
Gebim,
Gedaliah,
Geder,
Gedor,
Gehazi,
Gehazi,
Gemalli,
generation,
Gennesaret,
gentile,
gentle,
gentleness,
Genubath,
Gera,
Gerar,
Gerasenes,
Gershom,
Gershon,
Geshan,
Geshur,
Gether,
Gethsemane,
Geuel,
Gezer,
Gibbethon,
Gibea,
Gibeah,
Gibeath_Haaraloth,
Gibeon_man,
Gibeon_village,
Gideon,
Gideoni,
Gidom,
gift,
Gihon,
Gilead_land,
Gilead_man,
Gilgal,
Giloh,
Ginath,
Girgashites,
girl,
girls,
Gittaim,
give,
glass,
glorify,
glory,
gluttony,
go,
go_down,
goat,
God,
godly,
Gog_land,
Gog_man,
Goiim,
Golan,
gold,
Golgotha,
Goliath,
Gomer_man,
Gomer_woman,
Gomorrah,
gong,
good,
good_news,
Goshen,
gospel,
governor,
Goyim,
Gozan,
grace,
grain,
grape,
grass,
grateful,
gratitude,
grave,
great,
Greece,
greed,
green,
greeting,
grey,
grieve,
grind,
groom,
ground,
ground_soil,
grow,
growth,
guard,
guilt,
guilty,
Guni,
Gur,
Haahashtari,
Habor,
Hadad,
Hadadezer,
Hadar,
Hadashah,
Hadoram,
Hadrak,
Haeleph,
Hagar,
Haggai,
Haggi,
Haggiah,
Haggith,
hail,
hail_storm,
hair,
Hakilah,
Hakkoz,
Halah,
half,
Halhul,
Hali,
Ham_man,
Ham_village,
Haman,
Hamath,
Hamathites,
Hammath,
Hammedatha,
Hammoleketh,
Hammon,
Hammoth_Dor,
Hammuel,
Hamor,
Hamul,
Hamutal,
Hanan,
Hanani,
Hananiah,
hand,
Hannah,
Hannathon,
Hanniel,
Hanok,
Hanun,
Hapharaim,
Happizzez,
happy,
Hara,
Haradah,
Haran_land,
Haran_man,
Harbona,
hard,
Hareph,
Harhas,
Harim,
harlot,
Harnepher,
Harod,
Harosheth,
harp,
harsh,
Harum,
Haruz,
harvest,
harvester,
Hasadiah,
Hashabiah,
Hashmonah,
Hashubah,
Hassenuah,
Hasshub,
hate,
Hathak,
Hathath,
Hattush,
have,
have_to,
Havilah_land,
Havilah_man,
Hazael,
Hazar_Addar,
Hazar_Enan,
Hazar_Gaddah,
Hazar_Shual,
Hazar_Susah,
Hazarmaveth,
Hazeroth,
Hazezon_Tamar,
Haziel,
Hazo,
Hazor,
Hazzelelponi,
Hazzobebah,
head,
heal,
healer,
health,
healthy,
hear,
heart,
heat,
heaven,
heavy,
Heber,
Hebrew,
Hebron_man,
Hebron_village,
hedge,
Hegai_man,
height,
heir,
Helah,
Helam,
Helbah,
Helek,
Heleph,
Helez,
Heli,
Helkath,
hell,
Helon,
help,
helper,
Heman,
Hemdan,
Hena,
Hepher,
Hephzibah,
here,
Heres,
Heresh,
Hereth,
Hermas,
Hermes_idol,
Hermes_man,
Hermogenes,
Herod,
Herodians,
Herodias,
Herodion,
Heshbon,
Heshmon,
Heth,
Hezekiah,
Hezion,
Hezir,
Hezron,
hide,
Hiel,
Hierapolis,
Hilen,
Hilkiah,
hill,
Hillel,
Hirah,
Hiram,
hire,
hit,
Hittites,
Hivites,
Hizki,
Hobab,
Hobah,
Hod,
Hodaviah,
Hodesh,
Hodiah,
Hoglah,
Hoham,
hole,
Holon,
holy,
honey,
honor,
hope,
Hophni,
Hor_Haggidgad,
Horam,
Horesh,
Hori,
Horites,
Hormah,
horn,
horse,
Hosah,
Hosah,
hosanna,
Hosea,
Hoshama,
hot,
Hotham,
hour,
house,
how,
how_long,
Hubbah,
Hul,
Huldah,
human_nature,
humble,
humiliate,
humility,
Humtah,
hungry,
Hupham,
Huppah,
Huppim,
Hur,
Huri,
hurt,
husband,
Hushah,
Husham,
Hushim_man,
Hushim_woman,
Hymenaeus,
hymn,
hypocrite,
I,
Ibhar,
Ibleam,
Ibneiah,
Ibnijah,
Ibri,
Ibsam,
Ibzan,
Ichabod,
Iconium,
Idalah,
Idbash,
idol,
Iezer,
if,
Igal,
ignorance,
ignorant,
Ijon,
Illyricum,
Imlah,
immeasurable,
immediately,
Immer,
Imnah,
important,
impossible,
imprisoned,
impure,
Imrah,
Imri,
in,
in_front,
incense,
India,
inheritance,
insect,
inside,
insist,
insult,
Iob,
Iphdeiah,
Iphtah,
Iphtah_El,
Ir,
Ir_Nahash,
Ira,
Irad,
Iram,
Iri,
iron,
Iron,
Irpeel,
Iru,
Isaac,
Isaiah,
Ishbah,
Ishbak,
Ishbosheth,
Ishdod,
Ishi,
Ishiah,
Ishmael,
Ishmerai,
Ishpah,
Ishpan,
Ishvah,
Ishvi,
Iskah,
island,
Israel,
Issachar,
Italy,
Ithamar,
Ithlah,
Ithnan,
Ithran,
Ithream,
Ituraea,
Ivvah,
Iye_Abarim,
Izhar,
Izliah,
Izrahiah,
Jaakobah,
Jaareshiah,
Jaazaniah,
Jaaziah,
Jaaziel,
Jabal,
Jabbok,
Jabesh_Gilead,
Jabesh_man,
Jabesh_village,
Jabez,
Jabin,
Jabneel,
Jacob,
Jada,
Jael,
Jagur,
Jahath,
Jahaz,
Jahdai,
Jahdiel,
Jahdo,
Jahleel,
Jahmai,
Jahzerah,
Jahziel,
Jair,
Jairus,
Jakeh,
Jakim,
Jakin,
Jalam,
Jalon,
Jambres,
James,
James_the_Disciple,
Jamin,
Jamlech,
Janai,
Janim,
Jannai,
Jannes,
Janoah,
Japheth,
Japhia_man,
Japhia_village,
Japhlet,
jar,
Jared,
Jarmuth,
Jaroah,
Jashub,
Jason,
Jathniel,
Jattir,
Javan,
Jazer,
jealous,
Jeatherai,
Jeberekiah,
Jebusites,
Jechoniah,
Jedaiah,
Jediael,
Jegar_Sahadutha,
Jehallelel,
Jehdeiah,
Jehiah,
Jehieli,
Jehoaddah,
Jehoaddan,
Jehoahaz,
Jehoash,
Jehohanan,
Jehoiachin,
Jehoiada,
Jehonadab,
Jehoram,
Jehoshaphat,
Jehosheba,
Jehozabad,
Jehozadak,
Jehu,
Jehud,
Jekameam,
Jekoliah,
Jekuthiel,
Jemuel,
Jephthah,
Jephunneh,
Jerah,
Jerahmeel,
Jeremiah,
Jeremoth,
Jeriah,
Jericho,
Jeriel,
Jerioth,
Jeroboam,
Jeroham,
Jerusalem,
Jerushah,
Jeshebeab,
Jeshimon,
Jeshishai,
Jeshohaiah,
Jeshua_village,
Jesimiel,
Jesse,
Jesus,
Jether,
Jetheth,
Jethro,
Jetur,
Jeuel,
Jeush,
Jew,
Jewish,
Jezebel,
Jezer,
Jezreel_man,
Jezreel_village,
Jidlaph,
Joab,
Joah,
Joanan,
Joanna,
Joash,
Job,
Jobab,
Jochebed,
Joda,
Joel,
Jogbehah,
Jogli,
John,
John_the_Baptist,
John_the_Disciple,
Johozadak,
Jokdeam,
Jokim,
Jokneam,
Jokshan,
Joktan,
Joktheel,
Jonah,
Jonah_Simons_father,
Jonam,
Jonathan,
Joppa,
Jorai,
Joram,
Jordan_River,
Jorim,
Jorkeam,
Joseph,
Joses,
Joshah,
Joshibiah,
Joshua_man,
Josiah,
Jotbathah,
Jotham,
journey,
joy,
Jozabad,
Jubal,
Judah_land,
Judah_man,
Judas,
Judas_Iscariot,
Judas_not_Iscariot,
Jude,
Judea,
judge,
judgment,
Judith,
Julia,
Julius,
jump,
Junia,
Jushab_Hesed,
justice,
justify,
Justus,
Juttah,
Kabbon,
Kabul,
Kabzeel,
Kadesh,
Kadesh_Barnea,
Kadmonites,
Kain,
Kalneh,
Kamon,
Kanah_brook,
Kanah_village,
Kareah,
Karka,
Karkor,
Karmi,
Kartah,
Kasluhites,
Kattath,
Kedar,
Kedemah,
Kedemoth,
Kedesh,
Kedorlaomer,
keep,
Kehelathah,
Keilah_man,
Keilah_village,
Kelub,
Kemuel,
Kenaanah,
Kenan,
Kenath,
Kenaz,
Kenites,
Kephar_Ammon,
Kephirah,
Keran,
Kerethites,
Kerioth,
Kerith,
Kesed,
Kesil,
Keturah,
key,
Kezib,
Kibroth_Hattaavah,
Kibzaim,
Kidon,
Kidron_Valley,
Kilion,
kill,
Kinah,
kind_nice,
kind_same,
kindness,
king,
kingdom,
Kinnereth,
Kir,
Kir_Hareseth,
Kiriath_Arba,
Kiriath_Huzoth,
Kiriath_Jearim,
Kiriath_Sannah,
Kiriath_Sepher,
Kish,
Kishi,
Kishion,
Kishon,
Kislon,
Kisloth_Tabor,
kiss,
Kitlish,
Kitron,
Kittim_island,
Kittim_man,
kneel,
knife,
knock,
knot,
know,
knowledge,
Kohath,
Korah,
Kozbi,
Kozeba,
Kushaiah,
Kuthah,
Laadah,
Laban,
Lachish,
Lael,
Lahad,
Lahmas,
Lahmi,
Laish_man,
Laish_village,
lake,
Lakkum,
Lamech,
lamp,
lampstand,
land,
language,
Laodicea,
Lappidoth,
Lasea,
Lasha,
Lasharon,
last,
late,
later,
Latin,
laugh,
laughter,
law,
lawful,
lawlessness,
Lazarus,
lead,
lead_astray,
leader,
leaf,
Leah,
leap,
learn,
lease,
least,
leather,
leave,
leaven,
Lebanon,
Lebaoth,
Lebo_Hamath,
Lebonah,
left,
leg,
Legion,
Lehabites,
Lehi,
Lekah,
Lemuel,
length,
leopard,
leprosy,
letter,
Letush,
Letush,
Leum,
Leummim,
level,
Levi,
Levi_Matthew,
Libnah,
Libni,
Libya,
lie,
lie_down,
life,
lift,
light,
lightning,
like,
Likhi,
linen,
Linus,
lion,
live,
Lo_Debar,
loaf,
locust,
Lois,
longsuffering,
looks_like,
lord,
lost,
lot,
Lot,
Lotan,
lots,
loud,
love,
lower_adj,
lower_verb,
Lucius,
Lud,
Ludites,
Luke,
lunatic,
lust,
Luz,
Lycaonia,
Lycia,
Lydda,
Lydia,
Lysanias,
Lysias,
Lystra,
Maakah_man,
Maakah_woman,
Maakath_land,
Maakath_man,
Maarath,
Maasai,
Maaseiah,
Maath,
Maaz,
Maaziah,
Macedonia,
Machir_man,
Machpelah,
Madai,
Madmannah,
Madmannah_man,
Madmenah,
Madon,
Magadan,
Magdiel,
magician,
Magog_land,
Magog_man,
Mahalalel,
Mahalath,
Mahanaim,
Mahaneh_Dan,
Mahlah,
Mahlah,
Mahli,
Mahlon,
Makbenah,
make,
Makheloth,
Maki,
Makir,
Makkedah,
Malchus,
Malki_Shua,
Malkiel,
Malkijah,
Malkiram,
Malta,
Mamre,
man,
Manaen,
manage,
Manahath,
Manasseh_land,
Manasseh_man,
manna,
Manoah,
many,
Maon_man,
Maon_village,
Marah,
Maralah,
Marduk_Baladan,
Mareshah,
Mark,
market_place,
Maroth,
marriage,
Martha,
Mary,
Mary_Magdalene,
Mary_Mother_of_Jesus,
Masrekah_city,
Massa,
Massah,
master,
Matred,
Mattan,
Mattanah,
Mattaniah,
Mattatha,
Mattathias,
Matthan,
Matthat,
Matthew,
Matthias,
Mattithiah,
mattress,
mature,
me,
Me_Jarkon,
Me_Zahab,
meal,
meaning,
measure,
Medad,
Medan,
Medeba,
Media,
Megiddo,
Mehetabel,
Mehir,
Mehujael,
Melchi,
Melchizedek,
Melea,
Melek,
member,
Memphis,
Menahem,
Menna,
Meonothai,
Mephaath,
Mephibosheth,
Merab,
Meraioth,
Merari,
mercy,
Mered,
Meribah,
Mermom,
Merom,
Meroz,
Mesha_land,
Meshech,
Meshillemith,
Meshobab,
Meshullam,
Meshullemeth,
Mesopotamia,
message,
messenger,
Messiah,
metal,
Methuselah,
Methushael,
Mibsam,
Mibzar,
Micah,
Micaiah,
Michael_angel,
Michael_man,
Michal,
Michmash,
Middin,
Midian_land,
Midian_man,
Migdal_El,
Migdalgad,
Migdol,
Migron,
Mijamin,
Mika,
Mikloth,
Mikmethath,
Mikneiah,
Mikri,
Miletus,
milk,
Milkah,
million,
mind,
Minnith,
miracle,
Miriam_man,
Miriam_woman,
mirror,
Mishael,
Mishal,
Mishall,
Mishma,
Misrephoth_Maim,
Mithkah,
Mitylene,
Mizpah,
Mizraim,
Mizzah,
Mnason,
Moab_land,
Moab_man,
mock,
Moladah,
Molech,
Molid,
money,
month,
moon,
Mordecai,
more,
Moreh,
Moresheth,
Moriah,
morning,
Moserah,
Moseroth,
Moses,
most,
mother,
Mount_Carmel,
Mount_Ebal,
Mount_Gerizim,
Mount_Gilboa,
Mount_Halak,
Mount_Hermon,
Mount_Hor,
Mount_Horeb,
Mount_Nebo,
Mount_of_Olives,
Mount_Peor,
Mount_Perazim,
Mount_Pisgah,
Mount_Shepher,
Mount_Sinai,
Mount_Tabor,
Mount_Zalmon,
Mount_Zion,
mountain,
mouth,
move,
Moza,
Mozah,
much,
multitude,
Muppim,
murderer,
Mushi,
mustard,
mute,
Myra,
myrrh,
Mysia,
mystery,
Naam,
Naamah_village,
Naamah_woman,
Naaman,
Naarah_village,
Naarah_woman,
Nabal,
Naboth,
Nadab,
Naggai,
Nahalal,
Nahaliel,
Nahalol,
Nahalol,
Naham,
Nahash,
Nahath,
Nahbi,
Nahor,
Nahshon,
Nahum,
nail,
Nain,
name,
Naomi,
Naphish,
Naphtali_land,
Naphtali_man,
Naphtuh,
Narcissius,
Nathan,
Nathan_Melek,
Nathaniel,
nation,
Nazareth,
Nazarite,
Neah,
Neapolis,
near,
Neariah,
Nebaioth,
Nebat,
Nebo,
Nebuchadnezzar,
Necho,
neck,
Nedabiah,
need,
needle,
Negev,
Nehushta,
Neiel,
neighbor,
Nemuel,
Nepheg,
Nephtoah,
Ner,
Nereus,
Neri,
nest,
net,
Netaim,
Nethanel,
Nethaniah,
Netophah,
new,
news,
next,
Nezib,
Nibshan,
Nicanor,
Nicodemus,
Nicolaus,
Nicopolis,
night,
Nile,
Nimrah,
Nimrod,
Nimshi,
nine,
Nineveh,
no,
Noah_man,
Noah_woman,
Nob,
Nobah_land,
Nobah_man,
Nod,
noise,
Nophah,
north,
nose,
not,
now,
number,
Nun,
Nympha,
Obadiah,
Obal,
Obed,
Obed_Edom,
obedience,
obey,
Oboth,
ocean,
offering,
Og,
Ohad,
Ohel,
Oholiab,
Oholibamah_man,
Oholibamah_woman,
oil,
Okran,
old,
olive,
Olympus,
Omar,
Omri,
on,
On_city,
on_top_of,
Onam,
Onan,
one,
Onesimus,
Onesiphorus,
only,
open,
Ophir_land,
Ophir_man,
Ophni,
Ophrah,
oppose,
or,
order,
Oreb,
Oren,
Orpah,
other,
Othniel,
out,
outside,
over,
owe,
own,
ox,
Ozem,
Ozni,
Paddan_Aram,
Pagiel,
pain,
Pallu,
Palti,
Paltiel,
Pamphylia,
Paphos,
parable,
Parah,
paralyze,
Paran,
Parmenas,
Parnak,
part,
Parthia,
party,
Paruah,
Pas_Dammim,
Pasak,
Paseah,
Pashhur,
pass,
passion,
Passover,
past,
pastor,
Patara,
path,
Pathrusites,
patience,
patient,
Patmos,
Patrobas,
pattern,
Pau,
Paul,
pavement,
peace,
Pedahel,
Pedahzur,
Pedaiah,
Pekah,
Pekahiah,
Pelaiah,
Pelatiah,
Peleg,
Pelet,
Peleth,
Pelethites,
pen,
Peniel,
Peninnah,
pentecost,
Pentecost,
people,
perceive,
Peresh,
Perez,
perfect,
perfume,
Perga,
Pergamum,
Perizzites,
permission,
permit,
persecute,
persecution,
Persia,
Persis,
person,
Pethahiah,
Pethor,
Pethuel,
Phanuel,
Pharaoh,
Pharisee,
Phicol,
Philadelphia,
Philemon,
Philetus,
Philip,
Philippi,
Philistia,
Philologus,
philosopher,
Phinehas,
Phlegon,
Phoebe,
Phoenicia,
Phoenix,
Phrygia,
Phygelus,
Pi_Hahiroth,
pig,
pigeon,
Pilate,
Pildash,
pillar,
pillow,
Pinon,
Piram,
Pirathon,
Pishon,
Pisidia,
Pispah,
pitch,
Pithom,
Pithon,
plan,
plant,
plate,
platter,
plow,
pn,
Pontus,
poor,
porch,
Porcius,
pos,
possible,
Potiphar,
Potiphera,
pour,
power,
praise,
pray,
prayer,
preach,
preacher,
preaching,
precious,
pregnant,
prepare,
press,
pretend,
prevail,
pride,
priest,
prince,
priority,
Priscilla,
prison,
prisoner,
Prochorus,
proconsul,
profit,
promise,
prophesy,
prophet,
prostitute_man,
prostitute_woman,
proud,
proverb,
Psalm,
Ptolemais,
Puah_man,
Puah_woman,
Publius,
Pudens,
punish,
punishment,
Punon,
Purah,
pure,
purple,
purpose,
put,
Put_land,
Put_man,
put_verb,
Puteoli,
Putiel,
Pyrrhus,
Quartus,
queen,
questioned,
quiet,
Quirinius,
Raamah,
Rabbah,
Rabbith,
Rachel,
Raddai,
Rahab,
Raham,
rain,
rainbow,
Rakem,
Rakkath,
Ram,
Ramah,
Ramath_Lehi,
Ramathaim,
Rameses,
Ramoth_Gilead,
Raphu,
read,
Reaiah,
reason,
Reba,
Rebekah,
rebellion,
rebuke,
Recab,
receive,
reckon,
reconcile,
red,
redeem,
redemption,
reed,
Regem,
Regem_Melek,
Rehob,
Rehoboam,
Rehoboth,
Rei,
reject,
Rekah,
Rekem_city,
Rekem_man,
relative,
religion,
remain,
Remaliah,
remember,
Remeth,
repeat,
repent,
repentance,
Rephah,
Rephaiah,
Rephaim,
Rephidim,
report,
rescue,
Resen,
Resheph,
rest,
result,
resurrect,
resurrection,
Reu,
Reuben,
Reuel,
Reumah,
reveal,
revenge,
revile,
reward,
Rezeph,
Rezin,
Rezon,
Rhegium,
Rhesa,
Rhoda,
Rhodes,
rib,
Riblah,
right,
right_time,
righteous,
righteous_person,
righteousness,
Rimmon_man,
Rimmon_Perez,
Rimmon_village,
ring,
Rinnah,
ripe,
ripen,
Riphath,
Rissah,
Rithmah,
river,
Rizia,
Rizpah,
road,
robber,
rock,
Rohgah,
Rome,
room,
rooster,
root,
Rosh,
rough,
Rufus,
ruler,
Rumah,
run,
Ruth,
Sabbath,
Sabtah,
Sabteka,
sacrifice,
sad,
Sadducee,
said,
sail,
saint,
Salamis,
Salathiel,
Salekah,
Salim,
Salma,
Salmon,
Salmone,
Salome,
salt,
Salu,
salvation,
Samaria,
Samaritan,
same,
Samlah,
Samos,
Samothrace,
Samson,
Samuel,
sanctuary,
sand,
Sansannah,
Saph,
Sapphira,
Sarah,
Sarai,
Saraph,
Sardis,
Sarid,
Satan,
Saul,
save,
savior,
scatter,
scepter,
Sceva,
scorpion,
scribe,
Scripture,
Scythia,
sea,
Sea_of_Galilee,
Sea_of_Reeds,
Sea_of_Tiberias,
seal,
sealed,
search,
Seba_land,
Seba_man,
Sebam,
Secacah,
secret,
sect,
Secundus,
see,
seed,
Segub,
Seir,
Seled,
Seleucia,
self,
sell,
Semein,
send,
Sennacherib,
sensuality,
Seorim,
separate,
Sephar,
Sepharvaim,
Serah,
Sered,
Sergius,
Serug,
servant,
serve,
Seth,
Sethur,
seven,
sew,
sex,
sexual_desire,
Shaalabbin,
Shaalbim,
Shaaph,
Shaaraim,
Shaarim,
Shaashgaz,
shade,
Shahazumah,
shake,
Shallum,
Shalman,
Shalmaneser,
shame,
Shamgar,
Shamir_man,
Shamir_village,
Shammah,
Shammai,
Shammua,
Shapham,
Shaphan,
Shaphat,
Shaphir,
share,
Sharezer,
Sharon,
sharp,
Sharuhen,
Shaul,
shave,
Shaveh_Kiriathaim,
Shavsha,
Shealtiel,
Shear_Jashub,
Sheariah,
Sheba_land,
Sheba_man,
Shebaniah,
Sheber,
Shebna,
Shechem_city,
Shechem_man,
Shedeur,
sheep,
Sheerah,
Shekaniah,
Shelah,
Sheleph,
Shelesh,
Shelomi,
Shelomith_man,
Shelomith_woman,
Shelumiel,
Shem,
Shema_man,
Shema_village,
Shemaiah,
Shemariah,
Shemeber,
Shemer,
Shemida,
Shemiramoth,
Shemuel,
Shenazzar,
Sheol,
Shepham,
Shephatiah,
shepherd,
Shepho,
Shephupham,
Sheresh,
Sheshai,
Sheshan,
Sheva,
Shibah,
shield,
Shihor,
Shihor_Libnath,
Shikkeron,
Shilhi,
Shilhim,
Shillem,
Shiloh,
Shilshah,
Shimeam,
Shimeath,
Shimei,
Shimon,
Shimron_man,
Shimron_village,
Shinab,
Shinar,
Shion,
Shiphi,
Shiphrah,
Shiphtan,
Shisha,
Shishak,
Shittim,
Shobab,
Shobak,
Shobal,
shoe,
Shoham,
shoulder,
shout,
show,
Shua,
Shua,
Shuah,
Shual_man,
Shual_village,
Shuhah,
Shuham,
Shunem,
Shuni,
Shur,
Shuthelah,
Sibbekai,
Sibmah,
sick,
Siddim,
side,
Sidon_city,
Sidon_man,
sigh,
sign,
Sihon,
Silas,
silence,
Silla,
Siloam_city,
Silvanus,
silver,
Simeon,
Simeon_land,
Simon,
Simon_Jesus_Brother,
Simon_of_Cyrene,
Simon_Peter,
Simon_the_Canaanite,
Simon_the_Leper,
sin,
Sin,
sinful,
sing,
Sinites,
sinner,
Siphmoth,
Sippai,
Sisera,
Sismai,
sister,
sisters,
sit,
Sithri,
Sitnah,
six,
skull,
sky,
slave,
sleep,
slow,
small,
smaller,
smallest,
smell,
smoke,
smooth,
Smyrna,
snake,
snow,
Sodi,
Sodom,
soft,
soil,
sojourner,
Soko,
Sokoh,
soldier,
Solomon,
some,
son,
Son_of_Man,
song,
sons,
Sopater,
sorcery,
Sorek,
Sosipater,
Sosthenes,
soul,
sound,
south,
sow,
sower,
space,
Spain,
speak,
spend,
spice,
spirit,
spit,
split,
sponge,
spot,
spy,
Stachys,
staff,
stair,
stand,
star,
start,
stay,
steal,
stem,
Stephanas,
Stephen,
stern,
stern_words,
stewardship,
stick,
Stoic,
stomach,
stop,
storehouse,
storm,
story,
straight,
stranger,
strangled,
stream,
stretch,
string,
strong,
stumble,
stumbling_block,
Suah,
Succoth_city,
Succoth_land,
suffer,
suffering,
summer,
sun,
sundown,
Suphah,
Susa,
Susanna,
sweet,
sword,
synagogue,
Syntyche,
Syracuse,
Syria,
Taanach,
Tabbath,
Tabeel,
Taberah,
tabernacle,
table,
Tabor_village,
Tabrimmon,
Tahan,
Tahash,
Tahath,
Tahrea,
tail,
take,
Talmai,
Talmon,
Tamar,
tambourine,
Tanhumeth,
Taphath,
Tappuah_man,
Tappuah_village,
tar,
Taralah,
Tarshish_man,
Tarshish_village,
Tarsus,
taste,
tax,
tax_collector,
teach,
teacher,
teaching,
Tebah_man,
Tebah_village,
teeth,
Tehinnah,
Tekoa_man,
Tekoa_village,
Tel_Assar,
Telah,
Telem_man,
Telem_village,
Tema_land,
Tema_man,
Teman_land,
Teman_man,
Temeni,
temple,
tempt,
temptation,
ten,
tent,
Terah_land,
Terah_man,
Teresh,
Tertius,
Tertullus,
test,
testimony,
Thaddaeus,
thank,
that,
Thebes,
Thebez,
them,
Theophilus,
therefore,
Thessalonica,
Theudas,
they,
thief,
thigh,
thing,
think,
think_opinion,
think_wonder,
thirst,
thirsty,
this,
Thomas,
thorn,
thought,
thousand,
three,
threshing,
threshing_floor,
throne,
through,
throw,
Thummim,
thunder,
Thyatira,
Tiberias_city,
Tiberius_man,
Tibni,
Tidal,
tie,
Tiglath_Pileser,
Tigris,
Tikvah,
Tilon,
Timaeus,
time,
times,
Timna_man,
Timna_woman,
Timnah,
Timnath_Heres,
Timnath_Serah,
Timon,
Timothy,
Tiphsah,
Tiras,
Tirhakah,
Tirhanah,
Tiria,
Tirzah_village,
Tirzah_woman,
Tishbe,
tithe,
Titus,
to,
to_clothe,
to_plant,
Tob,
Tob_Adonijah,
Tobiah,
Tobijah,
toe,
Togarmah,
together_people,
together_things,
Tohu,
Token,
Tola,
tomb,
tongue,
tool,
Tophel_land,
Topheth,
Tou,
touch,
tower,
Trachonitis,
transfiguration,
transfigure,
travel,
tree,
trial,
tribe,
tribulation,
trip,
triumph,
Troas,
Trophimus,
trouble,
true,
trumpet,
trust,
truth,
try,
Tryphaena,
Tryphosa,
Tubal,
Tubal_Cain,
turn,
twin,
two,
Tychicus,
type,
Tyrannus,
Tyre,
Ulla,
Ummah,
unbelief,
under,
understand,
understanding,
unity,
unleavened,
Unni,
unrighteous,
unrighteousness,
untie,
until,
up,
Ur,
Urbanus,
Uri,
Uriah,
Urim,
us,
use,
useful,
useless,
Uthai,
Uz_land,
Uz_man,
Uzal,
Uzzah,
Uzzi,
Uzziah,
Uzziel,
valley,
Valley_of_Eskol,
value,
Vashti,
vendor,
vengeance,
very,
victory,
village,
vine,
vineyard,
virgin,
vision,
visit,
voice,
Vophsi,
Waheb,
waist,
wait,
walk,
wall,
want,
war,
warn,
wash,
watchman,
watchtower,
water,
wave,
way,
we,
weak,
wealth,
wealthy,
weary,
wedding,
week,
weigh,
weight,
well,
west,
wet,
what,
wheat,
wheels,
when,
where,
whip,
whisper,
white,
who,
whole,
why,
wide,
widow,
wife,
wild,
wilderness,
will,
wind,
window,
wine,
wing,
wings,
winnowing_fork,
winter,
wisdom,
wise,
with,
witness,
woman,
wood,
wool,
word,
Word,
Word_of_God,
work,
world,
worm,
Wormwood,
worry,
worse,
worship,
worth,
worthy,
wrap,
wrath_of_God,
write,
writer,
wrong,
Yahweh,
year,
yellow,
yes,
yoke,
you,
young,
Zaanan,
Zaanannim,
Zaavan,
Zabad,
Zabdi,
Zabud,
Zacchaeus,
Zaccur,
Zadok,
Zaham,
Zair,
Zalmonah,
Zalmunna,
Zanoah_man,
Zanoah_village,
Zaphon,
Zarephath,
Zarethan,
Zebah,
Zebedee,
Zebidah,
Zeboyim,
Zebul,
Zebulun_land,
Zebulun_man,
Zechariah,
Zedad,
Zedekiah,
Zeeb,
Zelah,
Zelophehad,
Zemaraim,
Zemarites,
Zemirah,
Zenan,
Zenas,
Zephaniah,
Zephath,
Zepho,
Zephon,
Zer,
Zerah,
Zered,
Zeredah,
Zeresh,
Zereth,
Zereth_Shahar,
zero,
Zeror,
Zeruah,
Zerubbabel,
Zeruiah,
Zethan,
Zeus,
Zia,
Ziba,
Zibeon,
Zibiah,
Zichri,
Ziddom,
Ziklag,
Zillah,
Zilpah,
Zimran,
Zimri,
Zin,
Zior,
Ziph_man,
Ziph_village,
Ziphah,
Ziphron,
Zippor,
Zipporah,
Ziza,
Zoan,
Zoar,
Zobah,
Zohar,
Zoheleth,
Zoheth,
Zophah,
Zophar,
Zophim,
Zorah,
Zuar,
Zuph,
Zur,
Zuriel,
Zurishaddai,
Zuzites,
